time,qd1,qd2,qd3,qd4,qd5,qd6,qd7,q1,q2,q3,q4,q5,q6,q7,u1,u2,u3,u4,u5,u6,u7
0.0,0,0,0,0,0,0,0,3.141589605655496,1.570814403363629,-3.9270410383916197,-9.170827214077804e-06,-1.5755314922924981,18.849404821029072,0.049985021326108034,-1727.061435716042,-1215.1862694902836,902.0562419975681,-0.8572734604332507,58.22193777595561,-3.270305290806389,-25.82810042472004
0.02,0,0,0,0,0,0,0,3.141589605655496,1.570814403363629,-3.9270410383916197,-9.170827214077804e-06,-1.5755314922924981,18.849404821029072,0.049985021326108034,-1725.0173679278323,-1213.1422017020739,904.1003097857779,1.1867943277764896,60.26600556416535,-1.2262375025966492,-23.7840326365103
0.04,0,0,0,0,0,0,0,3.1415876963035023,1.5708142302855759,-3.9270261504251582,1.482826783849589e-05,-1.5755524067927222,18.849545155016084,0.04998473659289723,-1722.5704939307407,-1210.8915800279935,902.8260632339694,3.6407193002042413,62.72770200819361,1.2244782418712847,-21.307394947299912
0.06,0,0,0,0,0,0,0,3.1415897989215074,1.5708136190113988,-3.926994774267804,-1.1039383124966662e-05,-1.5755834011261403,18.849493939872975,0.05000512779911179,-1725.4687926468853,-1213.752009449962,900.5242557137528,0.8118380329462102,59.86165542804975,-1.6322322003565357,-24.181271721989123
0.08,0,0,0,0,0,0,0,3.1415897989215074,1.5708136190113988,-3.926994774267804,-1.1039383124966662e-05,-1.5755834011261403,18.849493939872975,0.05000512779911179,-1725.0623342967967,-1213.3455510998733,900.9307140638414,1.2182963830348241,60.268113778138364,-1.2257738502679218,-23.77481337190051
0.1,0,0,0,0,0,0,0,3.14158913688967,1.570814269382054,-3.9270185586818354,1.0040834601099391e-05,-1.5755620784274633,18.849186854944683,0.04999439419144844,-1724.91523286871,-1213.457250470998,900.7646035369969,1.2244477734684298,60.33263675302119,-1.18943704275945,-23.74364515277412
0.12000000000000001,0,0,0,0,0,0,0,3.1415887063067354,1.5708143023565038,-3.9269929514555226,-7.085729544442643e-06,-1.5755858191489889,18.849550677794994,0.050004397862996194,-1725.1567903802656,-1213.8217958653186,900.7236670417648,0.9443291205849326,60.03030270149687,-1.4714371759927352,-24.016977043914636
0.14,0,0,0,0,0,0,0,3.141589970180731,1.5708135081160846,-3.927012896574915,-8.532227070645604e-06,-1.5755620479429826,18.849530281665597,0.049994640347180444,-1724.5245570216598,-1212.9341415201675,901.1047070725388,1.5727194748289868,60.651310799989595,-0.8412625871540261,-23.39430796929031
0.16,0,0,0,0,0,0,0,3.141588224045104,1.5708143348352586,-3.9269917705942525,-7.22158961163899e-06,-1.5755873579524042,18.849404424869068,0.05000419856215774,-1725.318947951771,-1213.9629871761344,900.5933829439797,0.7981453668009504,59.88437083230088,-1.6183006206458936,-24.162989179815806
0.18,0,0,0,0,0,0,0,3.1415903209448492,1.5708134529817732,-3.9270084510381302,-8.058947845945852e-06,-1.575567817647273,18.84865514343131,0.05000480897124608,-1724.660848790499,-1212.9781752369254,901.102369948953,1.56421511173753,60.62178190583471,-0.8474431838402029,-23.416689588143345
0.19999999999999998,0,0,0,0,0,0,0,3.1290181206437344,1.5612994516090986,-3.8971297104406197,0.0009835622685443468,-1.5604082192721442,18.84952535533707,0.05000482252546238,-1230.7107535811685,-759.1315147256684,959.5789712512111,270.97059666609,317.87129020558524,268.6786088730093,251.87747176426294
0.21999999999999997,0,0,0,0,0,0,0,3.1290181206437344,1.5612994516090986,-3.8971297104406197,0.0009835622685443468,-1.5604082192721442,18.84952535533707,0.05000482252546238,-1500.6438651511905,-1029.0646262956902,689.6458596811891,1.0374850960680129,47.93817863556323,-1.2545026970126882,-18.055639805759046
0.23999999999999996,0,0,0,0,0,0,0,3.08150702961387,1.529597102262775,-3.792926517385798,0.1056606184078639,-1.408208961165359,18.84955084458669,0.050071571965822056,-814.8703641383098,-421.97753480827527,814.5086503354748,383.0504114724918,430.0342552257318,409.1309096035903,401.03193446597163
0.25999999999999995,0,0,0,0,0,0,0,3.00008741567848,1.473466632447673,-3.6189298520148654,0.313527642773999,-1.2121221670947016,18.849543931368647,0.05006463414639589,-717.2813114569008,-363.6944142667019,377.0423079991789,207.6374554705746,240.1059955795475,229.54406361280508,229.68169468105404
0.27999999999999997,0,0,0,0,0,0,0,2.89012270033903,1.4008522499872562,-3.417712616394496,0.5444846930138887,-0.9555715229032398,18.85919230430299,0.05010988966435114,-657.7787692105269,-480.57009623759285,90.30766831492153,25.29426478066336,41.34979028501387,47.58560938179423,50.867342187298455
0.3,0,0,0,0,0,0,0,2.7567185233475486,1.322832990245148,-3.2097025235108507,0.7617144908967344,-0.6662511211651614,18.891187981715216,0.05012879923407769,-499.67352678263256,-527.8323948455779,-85.50549150614245,-39.82856061604865,-46.109371387636436,-20.745278633265233,-15.862432481561187
0.32,0,0,0,0,0,0,0,2.6031859997821014,1.2385449653325686,-2.984676996806824,0.9668967590245634,-0.3012585010581734,18.947263890744818,0.050174211983647396,-483.91650008144484,-700.5537470167807,-387.84679383244384,-227.365402747898,-263.497506388091,-213.5356526298648,-209.56279856930058
0.34,0,0,0,0,0,0,0,2.4360271579121173,1.1435882800708548,-2.7273142794417033,1.0119321600781728,0.13086802466177527,18.849045744797913,0.05020138178219162,-173.02789341384255,-556.3123222707595,-321.8547496043513,-50.02179804525858,-116.569953678805,-53.325422079618036,-52.18093482000924
0.36000000000000004,0,0,0,0,0,0,0,2.2713585714800972,1.0407155212098491,-2.438101733712924,0.7805701919106589,0.32833286440468257,18.84953575445056,-0.0002826489907931773,296.2614955665619,-308.7798199857201,-55.2188764427561,285.0086606771424,249.52295334267282,269.18578492249117,271.3245649459666
0.38000000000000006,0,0,0,0,0,0,0,2.114277598487347,0.9363724372522935,-2.1060158589264617,0.5646056475404979,0.1615879701834384,18.848515269526267,0.0003059819823546398,-169.67890424072337,-1043.5703313436609,-702.26813833276,-281.0710724037459,-312.0467472449598,-292.29934232820557,-291.2223258409763
0.4000000000000001,0,0,0,0,0,0,0,1.957431764965004,0.8314197230316687,-1.7660138740977391,0.7435754496253137,0.2869326620813526,18.849541503665403,0.04926841763069365,-269.53462251650916,-1353.7997695258327,-897.867022263083,-349.85655770732643,-415.5555029874601,-355.07624748898166,-351.811397528338
0.4200000000000001,0,0,0,0,0,0,0,1.8168606776438674,0.7406861029926368,-1.4428683610182587,0.4471966721600751,0.16149648101360725,18.80736676711446,-0.0005682530984211904,109.39874498834857,-1184.1723695499445,-606.154929070056,-88.6252185789924,-137.5392315735424,-108.77084739553563,-104.63405885553101
0.4400000000000001,0,0,0,0,0,0,0,1.6709830575341007,0.6964398166211598,-1.2422506030056706,-0.007278296889751346,-0.06124779329665664,18.84906972706639,-0.0004930993102221803,-210.52544485081341,-1730.9717605360097,-959.9484158798069,-576.3714949191615,-604.7791521729168,-592.1094246216728,-590.9267240859285
0.46000000000000013,0,0,0,0,0,0,0,1.5228352715627542,0.6946774007614218,-1.1649740207638386,-0.0009220099245226265,-0.26225783345048903,18.849550728747186,-4.883481909097251e-05,153.76615139140262,-1528.3506927220674,-602.5844885541482,-309.7180628516584,-308.32324620159847,-305.4282828954014,-303.0534478813637
0.48000000000000015,0,0,0,0,0,0,0,1.3773802765081564,0.737887638957619,-1.2189964644721165,-0.0018304195647855792,-0.48939356806268286,18.84955310966458,-0.0017852680019100153,64.2020533878101,-1842.9879956984998,-649.6015681033626,-540.8728557273771,-506.2212318968151,-529.8807854704144,-522.2770357148304
0.5000000000000001,0,0,0,0,0,0,0,1.2383743046853963,0.8231481074850304,-1.4037956281531478,1.856953229051328e-05,-0.7000078783618573,18.84368471735878,-0.00025697564974080375,411.6337582215767,-1603.6191197887904,-288.6665866453678,-221.64375815250423,-173.067089935223,-208.73168826938817,-206.3832994682858
0.5200000000000001,0,0,0,0,0,0,0,1.1067491612541636,0.9137616230044854,-1.604231208443398,0.0009469537334503286,-0.9369638870670869,18.84948717434918,-0.000276257392493588,716.6032537826077,-1427.2632005206729,-50.98629609297245,4.550437892418811,72.08695407263623,21.963678372860592,25.650108638537553
0.5400000000000001,0,0,0,0,0,0,0,0.9824857529207991,1.0008377828551245,-1.8017319953195834,-0.00020089645686915958,-1.1468318994940638,18.803289772374303,-0.00024123111642202288,739.0133491119612,-1446.57418256789,5.2171256601669995,31.81189626578169,111.73434706593197,47.80654125014025,55.03273265555865
0.5600000000000002,0,0,0,0,0,0,0,0.8712030365057162,1.0770644428726115,-1.977673523224741,0.040986229205064006,-1.25387943496807,18.922514134981796,0.02284624380105567,524.9556783865368,-1562.9800383122426,-125.45375030573334,-101.79581846449891,-28.6707391120487,-78.9028791648425,-82.5986342043299
0.5800000000000002,0,0,0,0,0,0,0,0.7770144875281728,1.1337233430184996,-2.1083926422593624,0.18217030703312798,-1.1429465311098186,18.92284629552241,0.05032878675357889,506.24090415195616,-1412.1451747774718,-52.542141911448624,-18.69958980095575,39.04421620149138,14.284875013129634,17.478399009830138
0.6000000000000002,0,0,0,0,0,0,0,0.6937722782743547,1.1696740687504352,-2.189522481618482,0.25397580120048957,-1.0009769482447641,18.849060932480267,-0.0016820361775564886,522.6433579374846,-1238.6714622582933,34.47456014905198,85.55305921985416,122.02670508119022,90.76243756850752,94.42149684112708
0.6200000000000002,0,0,0,0,0,0,0,0.6190657942507647,1.1863657976322033,-2.2218291225794182,0.20146853234497364,-0.893584492767725,18.86444531417972,0.02375720201468283,471.6211689428827,-1086.2292344869418,48.024394493262804,116.95487469972758,136.41473168882231,117.11584506903647,116.47054122641721
0.6400000000000002,0,0,0,0,0,0,0,0.5567544025368685,1.1828109073245026,-2.2168326162733685,0.2808566498653624,-0.6972286537394288,18.84936310480467,0.050053134079069486,372.57109162097146,-943.4964722984612,-2.22265235145953,91.55010514773215,113.39947639543414,112.08361225459956,118.1419776735916
0.6600000000000003,0,0,0,0,0,0,0,0.5052218772581005,1.1527300012258825,-2.1550468652805,0.512356116166071,-0.49054223886186676,18.84955190698379,0.050048247491342505,300.3922493244829,-781.1321720973751,-61.42803897016196,97.055260074788,103.78777793245646,116.95937221213606,122.25963784912841
0.6800000000000003,0,0,0,0,0,0,0,0.46004492371546934,1.0949186385878358,-2.02916908204247,0.7916574406169348,-0.28524517119576753,18.84945434176674,0.05005479267229174,159.02862683647518,-682.0724526575639,-182.5767667246411,27.330981291086395,22.832681544440717,46.0078712154166,49.77898379490457
0.7000000000000003,0,0,0,0,0,0,0,0.4186297869515476,1.0132006362076522,-1.8435367947113876,1.1078972963687832,-0.07818608555937345,18.849554282177007,0.05005302264689135,25.570691587468485,-635.0435555759027,-295.1477901795859,-53.37964126523155,-64.75540852340876,-37.55005866510535,-34.94238164077389
0.7200000000000003,0,0,0,0,0,0,0,0.37871017634870885,0.9173511339690608,-1.6184918534692914,1.4298088360980392,0.1382224060618089,18.85031858223886,0.050039778039829605,14.819419932289058,-511.4460000617132,-285.27045134116787,-50.40741314027159,-62.77446088656583,-39.70008594055387,-36.92735929605119
0.7400000000000003,0,0,0,0,0,0,0,0.34279142919339645,0.8219772264067755,-1.39941028308015,1.4911797501703532,0.2646406230862892,18.849212301906412,0.032579657060209245,71.81061838307082,-375.8176502835412,-225.13366870665547,-15.940619668874112,-27.638463557334518,-23.7072533542855,-14.027519007921251
0.7600000000000003,0,0,0,0,0,0,0,0.31284366196245816,0.7375332334249309,-1.2240502213097768,1.2563079204639145,0.2116424882476,18.849552213739095,0.000648058043675024,141.35710134676117,-252.67979267268106,-153.32947026628597,14.053951405074136,13.418441081001829,3.449405996836124,5.917162554334953
0.7800000000000004,0,0,0,0,0,0,0,0.28565504593730484,0.6629244625347139,-1.0752617470752437,0.962611526089038,0.054106457537736574,18.847368957064468,4.664039953293931e-05,139.49775395002956,-221.3105509746022,-153.2373895595961,-16.682304634955543,-12.077255142935888,-25.941734975528444,-23.194905549111066
0.8000000000000004,0,0,0,0,0,0,0,0.25672201557290375,0.5968759027395505,-0.9455742590303569,0.7150573422515691,-0.09089551018888464,18.84953081492481,0.010341157252000362,128.70965090415223,-204.3220623663276,-155.86827684136722,-38.120095457919206,-34.095333547025454,-42.360996604982574,-41.83074422594882
0.8200000000000004,0,0,0,0,0,0,0,0.22637661714055657,0.5388032024873626,-0.8353126417764676,0.512755309869318,-0.21493035585311482,18.84228018388176,0.0071339083749180155,148.50724628155479,-156.95049026321345,-121.41602747397374,-20.786288686208955,-14.24045086225547,-24.800235667447136,-17.61507230673919
0.8400000000000004,0,0,0,0,0,0,0,0.19578604910671427,0.4878714121219909,-0.7369858537498004,0.31035548713071215,-0.3963636373916639,18.849472825982556,-4.866481803740392e-05,129.90924488905748,-145.2727777103083,-118.63253840393497,-35.69093255063508,-22.59981794044446,-40.177447512372424,-36.49982304267813
0.8600000000000004,0,0,0,0,0,0,0,0.1635546422512908,0.4435650241633793,-0.6525873045473318,0.11169998818424354,-0.597153823333521,18.821879302339866,-0.00010181310215451154,125.80572648079026,-118.8139856308631,-97.56670307826326,-21.3919272562051,-8.71697313785754,-27.709322112961615,-23.694685652008175
0.8800000000000004,0,0,0,0,0,0,0,0.13287728669293575,0.405188377711057,-0.5832686683228863,0.004376640679671695,-0.79840315173624,18.849238148833365,6.609926831920295e-06,135.56806097282293,-86.90079256268251,-69.72429455657641,-15.101059252288376,14.885085315921385,-8.335862373132041,-3.942315516553373
0.9000000000000005,0,0,0,0,0,0,0,0.107365132706005,0.37170763205260027,-0.5254347810612563,0.0013845273314583295,-0.9981068847892658,18.84955334799416,1.3660012390843991e-05,123.16868686106797,-78.71568958523574,-62.933072829346706,-3.8221388610368643,25.263189109800628,-1.2583877332229718,3.1563842029814952
0.9200000000000005,0,0,0,0,0,0,0,0.08505879430746699,0.34166466539432694,-0.47606750373201656,-3.963138393814347e-05,-1.1688005076623504,18.849307491156036,-4.52311372635928e-06,99.93885934084084,-84.9888504562565,-71.20465797005967,-5.599520050007893,22.913999399313887,-1.5133616570074035,2.9140296255037454
0.9400000000000005,0,0,0,0,0,0,0,0.06679461125180008,0.31355651504906934,-0.43243858428804316,0.0047361048592566846,-1.277544831872742,18.84955402654017,0.0016191962646629728,79.00465145982395,-90.24660714097486,-79.32540049710629,-3.6722894102572,19.07311987916707,0.3671830275557,4.1714885974936315
0.9600000000000005,0,0,0,0,0,0,0,0.052482300481092814,0.2866809102053187,-0.3925330376280227,0.012857529784136013,-1.3181698837808433,18.84949985283993,0.004559977203192152,58.504617857010054,-95.56307454544039,-87.86250734145065,-3.6821723863408407,12.167311661332185,-0.51231367803566,3.072750355174294
0.9800000000000005,0,0,0,0,0,0,0,0.04144565980621717,0.26097097868790886,-0.35588494546458094,0.02089709606305057,-1.3010439221724557,18.849555771055073,0.008780199554030895,42.65406146103167,-96.80420268507744,-92.6419520707165,-3.008034315369965,6.526140315318278,-0.37839997991427926,2.634102921220045
1.0000000000000004,0,0,0,0,0,0,0,0.03308792111224701,0.23656666532340243,-0.32276954726787466,0.02843052071705543,-1.2404465212006919,18.849550022423752,0.014812027451262028,30.396776346092462,-95.72031537631639,-94.8965962457338,-2.1975188042958753,2.129110639340198,-0.2269369733327709,2.313193758490115
1.0200000000000005,0,0,0,0,0,0,0,0.02681965141922671,0.21366073462766888,-0.29350624983492146,0.03431188353664538,-1.1510078466285814,18.84947048952893,0.02261962973043198,21.18351167408155,-94.40758184208103,-96.29869715008252,-1.676021218831883,-1.4884744356360986,-0.2572880183691126,1.667451022981471
1.0400000000000005,0,0,0,0,0,0,0,0.022110393109740833,0.19240632396302804,-0.2680687269148132,0.03870434552018054,-1.0446753604124623,18.8495551560276,0.03275495872657932,14.320202992599667,-94.65999959608759,-98.05593407822849,-1.7460972304416043,-4.681651477153733,-0.7069045507088716,0.45507621633822115
1.0600000000000005,0,0,0,0,0,0,0,0.01853254160601825,0.17289058336653707,-0.24608367629467054,0.0419403104143532,-0.9308149641840213,18.849540848585352,0.04547774977334991,9.499739190690358,-96.35938735520439,-100.32303515834553,-2.100421457196653,-7.268263634959403,-1.3345622424019234,-0.9338976087600641
1.0800000000000005,0,0,0,0,0,0,0,0.015651416803604157,0.15521552301434394,-0.2272301751285788,0.04310661362393731,-0.8173243632033156,18.849555847638353,0.049515779581517795,6.917145473682905,-98.30144127330571,-102.08762842565066,-1.4120486294780212,-8.237677033385665,-0.9991742168417986,1.945246580969752
1.1000000000000005,0,0,0,0,0,0,0,0.013128926661033269,0.1393163705213878,-0.21069464076983468,0.0397489501703987,-0.7091496092665226,18.84953072711849,0.04784890298715215,3.7274548831498726,-102.4884258607249,-105.81909323232473,-2.3407113227401237,-10.388733606989174,-2.4374350348545772,0.5655170656791126
1.1200000000000006,0,0,0,0,0,0,0,0.010824620094822102,0.12504459953198843,-0.19562465367549464,0.030722942650646345,-0.6101937320587218,18.849555684461883,0.04740138611046267,1.9551003050044187,-105.57655715917721,-108.64408432732124,-2.299005139982965,-11.239703594010042,-2.7968929961902913,-0.48136622642932947
1.1400000000000006,0,0,0,0,0,0,0,0.008563121814570529,0.11226202718604927,-0.1814302118046358,0.012813604257427613,-0.5239070853418024,18.84937988469065,0.04869233394102693,1.2552943794673908,-107.44397226545591,-110.55089622596836,-1.6009414004468445,-11.135065628446048,-2.839002622754264,-0.7699369315372597
1.1600000000000006,0,0,0,0,0,0,0,0.006848383997209773,0.1008452800270474,-0.16768197455097322,0.000680148534486058,-0.453531649518057,18.84955390867463,0.049431342758785426,1.5773340481534135,-108.46475657606342,-111.62376716962743,-2.5456629517774805,-10.304978782288766,-2.482806381203641,-0.24415221014763255
1.1800000000000006,0,0,0,0,0,0,0,0.005673555902878213,0.09063819763816294,-0.1542133122465117,-1.9944273930150302e-05,-0.3983765906084553,18.849555948525595,0.04826157920838244,1.8258162323531937,-109.26945254140932,-112.50235272383209,-2.2017384800352136,-9.54670550646791,-2.201817442810521,0.3559067049089555
1.2000000000000006,0,0,0,0,0,0,0,0.004595988424362041,0.08148710092671774,-0.1410961554811596,-1.296514165893825e-05,-0.3554376548461686,18.84953130267659,0.04515911594492362,2.2514334544824797,-109.52195305067308,-112.99922324753143,-1.7576723147020707,-8.77312966647667,-1.7476238795832408,1.0546109963228085
1.2200000000000006,0,0,0,0,0,0,0,0.003611638984724941,0.07325628465580802,-0.12850948653043215,-1.9172955037838335e-05,-0.32111137811797885,18.849555651007325,0.0408450797040798,2.501329355350103,-109.76768492781095,-113.40548207777104,-1.3501141466931912,-8.225900503234492,-1.3639914940582316,1.557647429632252
1.2400000000000007,0,0,0,0,0,0,0,0.002747172226462702,0.06583323162319044,-0.11663329008949308,-4.7022494662485315e-06,-0.29219951692036705,18.84935333677851,0.03623606006760048,2.5296906217996846,-110.13333352024408,-113.72273479882767,-1.0149141139721116,-7.897979867319349,-1.0040366215875365,1.8411106405377349
1.2600000000000007,0,0,0,0,0,0,0,0.0020285974544629326,0.05912646069869343,-0.10565122566459628,-2.418536412029937e-06,-0.26579804586596456,18.84955359846979,0.03230846144873498,2.3824896354638527,-110.37088301579753,-113.96718563757608,-0.7166257939736345,-7.774771725995516,-0.713586143882066,1.8978019184278023
1.2800000000000007,0,0,0,0,0,0,0,0.0014690460549138251,0.05305891615194991,-0.0956619925184583,-7.344098262862531e-07,-0.24005764682977038,18.849555886154373,0.029703379040251963,2.112378421345243,-110.41805534351974,-114.1349528501235,-0.48859632942717485,-7.81325364902007,-0.49279015280655575,1.768913781964494
1.3000000000000007,0,0,0,0,0,0,0,0.0008158948996479509,0.04259338849815553,-0.07878991013466319,-8.209101531875262e-07,-0.18668085270076418,18.849555826821874,0.02963276577639136,2.2525831121506745,-110.02824967467346,-113.53053557440697,0.6487775424880274,-7.299112028059415,0.6340404741212835,2.0576359596562783
1.3200000000000007,0,0,0,0,0,0,0,0.0008158948996479509,0.04259338849815553,-0.07878991013466319,-8.209101531875262e-07,-0.18668085270076418,18.849555826821874,0.02963276577639136,0.22100226762172043,-112.05983051920241,-115.56211641893591,-1.3828033020409267,-9.33069287258837,-1.3975403704076708,0.02605511512732417
1.3400000000000007,0,0,0,0,0,0,0,0.0007382408458793677,0.038096329680283425,-0.07189562794074433,0.0019704679062408914,-0.15784148973741452,18.849554837843794,0.03245946446344373,0.6966196388273171,-111.62345860672357,-114.87078650004793,-0.5201506451135569,-8.750927788910127,-0.37017773344957067,0.5032602338222046
1.3600000000000008,0,0,0,0,0,0,0,0.0007192523271077889,0.034039841060935494,-0.06584758429369764,0.0024249629029782227,-0.12899953029891265,18.849555903709618,0.03638582625620698,0.5043955570038731,-111.69717736805305,-114.79791901066541,-0.34908659025043903,-8.863439057522438,-0.5148553940672781,0.2610600860875315
1.3800000000000008,0,0,0,0,0,0,0,0.0007058543897695557,0.030405669951645287,-0.0603748250404017,-1.5647453368572428e-06,-0.10309025923258375,18.849538942753803,0.04003919449778724,0.33721178855769113,-111.65670577770396,-114.60055370960691,-0.5110727817998282,-8.882596827356325,-0.5194795163112008,0.11173579540247214
1.4000000000000008,0,0,0,0,0,0,0,0.0007626088162773215,0.02714311974855388,-0.05548853864614589,-3.685745824100195e-06,-0.07900184266012378,18.84955572766044,0.04377314424910588,0.15873672411674847,-111.63545329044744,-114.43728092826217,-0.5686781548001247,-8.93947791750673,-0.5760546475326191,-0.062279398499421046
1.4200000000000008,0,0,0,0,0,0,0,0.0008491507559149625,0.024216971630248274,-0.05111137365774532,-1.122184142055005e-05,-0.05688594943152925,18.849408255086047,0.04737127571714383,0.009812239297052465,-111.59983120330817,-114.26623158807693,-0.6389155627983619,-8.981421015141052,-0.6415071215650878,-0.2063753425001847
1.4400000000000008,0,0,0,0,0,0,0,0.0009548016418490235,0.021600652156071654,-0.04718600675707574,-1.549656548860412e-06,-0.03680335394198586,18.84955421998049,0.05000678106436768,-0.09682088959836399,-111.52999778264837,-114.05522314921129,-0.695714789476589,-8.98223924284147,-0.6976806173078369,0.34226048274575555
1.4600000000000009,0,0,0,0,0,0,0,0.0010673002399839149,0.01928188174392087,-0.043663458451431936,-1.0260368422443378e-05,-0.018868710484158058,18.849555899667966,0.049434899558546984,-0.1852399317147575,-111.47731410917189,-113.84125329360029,-0.7670425369519485,-8.965190897287087,-0.7757692720922226,0.3128311390617322
1.4800000000000009,0,0,0,0,0,0,0,0.00117740855506554,0.017208239463559316,-0.040451290266936724,-7.50911561642198e-06,-0.0031931692813422785,18.849535237997483,0.04875003336591753,-0.22072753497749523,-111.39294798976091,-113.59408695804697,-0.8360126388661966,-8.904717252710787,-0.8343238670122463,0.15535812678753913
1.5000000000000009,0,0,0,0,0,0,0,0.0012782423386914488,0.015350894794770475,-0.037494960999012505,-2.3512298428229883e-06,0.010175196315371338,18.8495556830156,0.04842818949421152,-0.22648436165220887,-111.28934797552286,-113.32809613110324,-0.885386623634569,-8.81821600197348,-0.8828706218723121,-0.000603550628031916
1.520000000000001,0,0,0,0,0,0,0,0.0013648686231331197,0.013689141816610295,-0.034756123608401523,-2.1761446680201857e-06,0.021285786634890336,18.849185108177892,0.04837783385519471,-0.2659241597298663,-111.70931143662276,-113.18883239995773,-0.9852855923791943,-8.785999117299749,-0.9837284563444486,-0.17246336677143276
1.540000000000001,0,0,0,0,0,0,0,0.0014355542604391758,0.012200729809996425,-0.032211029189038065,3.987954686479611e-07,0.030313670599143805,18.8495516461375,0.04840159108833126,-0.19163906631481392,-111.56032550559809,-112.88336486420904,-0.9700097680241846,-8.638266525982411,-0.9666370903021265,-0.18525041977466097
1.560000000000001,0,0,0,0,0,0,0,0.0014886468722199453,0.010863563279301935,-0.0298326967662641,-1.2596946588061542e-05,0.037396976079043576,18.84955587114129,0.048288968420376714,-0.09742856744236907,-110.79990458119619,-112.49735334366355,-0.9486840077394918,-8.470117620714284,-0.9453465266580063,-0.13940259100860924
1.580000000000001,0,0,0,0,0,0,0,0.0015250117056142543,0.009662521708544425,-0.027608675596655807,-2.608132451342726e-06,0.04276973352025859,18.84946845154287,0.04792666237535825,-0.1750332544517807,-111.14890271030893,-112.4309845497791,-1.0793096506843414,-8.492974870973725,-1.0775588912709348,-0.24431099138229934
1.600000000000001,0,0,0,0,0,0,0,0.0015510323809255766,0.008583184029729019,-0.025547355250535198,2.587300995671171e-07,0.046900379589618346,18.84955491292173,0.0473647774976582,-0.0652994720264961,-110.31813350334642,-112.06282673062742,-0.9984172938808953,-8.32245193779054,-0.9953873730534291,-0.13728381727339212
1.620000000000001,0,0,0,0,0,0,0,0.001566714255566204,0.007616231455966904,-0.023636106005567648,-1.3819256618141651e-05,0.04993987537534128,18.84955590593745,0.04656742531720648,-0.11347556050993318,-110.28206478077252,-111.95354970647917,-1.0996657085488657,-8.32758666337763,-1.0967532430478815,-0.1876784892446792
1.640000000000001,0,0,0,0,0,0,0,0.0015730706915535464,0.0067547072584597245,-0.021867705101057844,-9.900433948217824e-06,0.052037788759055736,18.849536463874784,0.045553154362148636,-0.11912777100952877,-110.35878642672225,-111.83220225755217,-1.1309245703535766,-8.29572004920529,-1.1282417041511925,-0.19262940957459052
1.660000000000001,0,0,0,0,0,0,0,0.0015725210122479183,0.005995182176101288,-0.02024252063309362,-3.3638820946535475e-06,0.05342817267671496,18.849555696677843,0.04438621897712955,-0.11864310909270417,-110.47286273299765,-111.72514559853096,-1.1654092854643798,-8.262059627999955,-1.1627518863341872,-0.18797214521485012
1.680000000000001,0,0,0,0,0,0,0,0.0015635187431861652,0.005328142595026897,-0.018740644608129742,-3.7578174634234074e-06,0.0540958056683003,18.849154732115842,0.04303971706552332,-0.0984725739797606,-110.55985534708245,-111.60624744601702,-1.1856923783105886,-8.213092962603792,-1.184222106164016,-0.16440382658581582
1.700000000000001,0,0,0,0,0,0,0,0.0015456869458461142,0.004742580541571506,-0.01734782321311279,3.930997287682203e-07,0.05409863446794905,18.84955129577626,0.041523078136564674,-0.07717304979726819,-110.62218934907948,-111.49133356918303,-1.20232965000364,-8.164233432648954,-1.1999286059534466,-0.1374596210076739
1.720000000000001,0,0,0,0,0,0,0,0.0015198507042821774,0.004227954983268667,-0.016053780838468867,-1.529281903422941e-05,0.05352424204066697,18.84955586717974,0.039863810598505446,-0.054638183398501856,-110.66166114544313,-111.38393707770058,-1.21696963517918,-8.119025218094178,-1.2147841235951904,-0.11117494152616078
1.740000000000001,0,0,0,0,0,0,0,0.0014872163214665335,0.003774534384191064,-0.014852323211088425,-3.379099489109194e-06,0.052497354144636965,18.849447319262918,0.03810753095117856,-0.03956368471683125,-110.6780816844933,-111.28825820795885,-1.2293426590243262,-8.081097855037074,-1.228934373796036,-0.08936294415720385
1.7600000000000011,0,0,0,0,0,0,0,0.001449701934530978,0.003374112634747739,-0.013738653557917146,-3.7900464837647974e-06,0.0511327547638194,18.84955466911948,0.036298002908308556,-0.025807882092291463,-110.68615171552327,-111.20449630380065,-1.2436322965512083,-8.050483061107661,-1.2414880019827463,-0.07277851771057645
1.7800000000000011,0,0,0,0,0,0,0,0.001408703442622894,0.00301992618368363,-0.012708371318512768,-1.9927300580313556e-05,0.04952430394375984,18.849555903155736,0.034471394389321924,-0.020664193940999977,-110.68656628059058,-111.12859426401434,-1.2377901008014869,-8.024490814220329,-1.2525578056471809,-0.05941642245911688
1.8000000000000012,0,0,0,0,0,0,0,0.0013649304888154745,0.0027067476172648597,-0.01175720218173204,1.0470515041660633e-06,0.04775376534139486,18.849525581501048,0.032658071893200115,-0.011609770205283781,-110.66495439466222,-111.06479980767237,-1.267376318362529,-8.005437684004884,-1.2656756210430011,-0.05121014028659657
1.8200000000000012,0,0,0,0,0,0,0,0.0013196560850019523,0.0024281151287945946,-0.010879534854859152,-1.6072256848964628e-05,0.045886726253161036,18.849555571503714,0.030881186548409347,-0.0055820969182152555,-110.66405361699049,-111.01014905924988,-1.2795310431877833,-7.990573906289245,-1.2774385364011147,-0.045934434352187414
1.8400000000000012,0,0,0,0,0,0,0,0.0012729903797445985,0.0021816379546022446,-0.010071240103274981,-1.2903734345925955e-05,0.0439590434239685,18.84885260034472,0.02915229610430423,-0.0759245304403112,-111.41898025856173,-111.1226820162613,-1.3432516531644132,-8.057869170918218,-1.3622124412632097,-0.1171171172079978
1.8600000000000012,0,0,0,0,0,0,0,0.0012256186871422159,0.0019623127051291434,-0.009326107680209361,-8.11134487044285e-06,0.0419993911394938,18.849547812663623,0.027478932213436526,0.003398836323632245,-111.34647138011266,-111.00537475317428,-1.2996045289139257,-7.974159384360978,-1.2973592560083012,-0.041162177294621946
1.8800000000000012,0,0,0,0,0,0,0,0.001176582797464576,0.0017628362176962398,-0.008632787521588803,1.7617089209664982e-07,0.03995948804636473,18.849555827284362,0.025837179671778954,0.08019666274949665,-110.64467919613838,-110.79783299888372,-1.245294266388954,-7.876196054623503,-1.2428512590445995,0.04462993237752827
1.9000000000000012,0,0,0,0,0,0,0,0.0011241296740607254,0.00157425356382479,-0.00797483614281358,-1.3513654169905465e-05,0.03775271890801424,18.849319676090765,0.024184150933391782,0.0461485576912623,-110.46162416353795,-110.76479748778021,-1.2969189422493177,-7.898795644506053,-1.2952221109086954,0.014101050616203328
1.9200000000000013,0,0,0,0,0,0,0,0.0010743452317480973,0.001396639727357929,-0.0073713905125067924,-8.041563990701661e-06,0.035677912054684846,18.849553197775382,0.022646927286771694,0.0184850495579072,-110.41107764623402,-110.75157832717296,-1.313002344222315,-7.918109953223134,-1.3106993815956767,-0.010787790094785088
1.9400000000000013,0,0,0,0,0,0,0,0.001029540734659662,0.00123513439559364,-0.006830442884688814,5.707594485926393e-08,0.03385023988282132,18.84955588829617,0.021271664376833314,-0.0033661983061608835,-110.41860845972481,-110.74436936313147,-1.3293464663739503,-7.933518237064038,-1.3268093233505946,-0.031080200881233394
1.9600000000000013,0,0,0,0,0,0,0,0.0009872394956538244,0.0010916307617785392,-0.006340150479523743,2.309335454420136e-06,0.032160254447254566,18.849477709608188,0.020005266081369898,-0.013847058420729695,-110.4553601448879,-110.73643279499701,-1.3441204490982952,-7.940442422541389,-1.3412926346845602,-0.04208895624448283
1.9800000000000013,0,0,0,0,0,0,0,0.0009456325798691267,0.0009655578772447271,-0.005889960637646574,-1.7388962104014638e-05,0.03052099610057102,18.849555020019814,0.018805553114715833,-0.01091572478647091,-110.48661856850951,-110.72014822898241,-1.3519317113701876,-7.936190214981159,-1.349314609296096,-0.04137279312697137
2.0000000000000013,0,0,0,0,0,0,0,0.0009032539083442259,0.000855257056479708,-0.00547172805041285,-8.748473554476277e-06,0.02887521032745166,18.849555906977884,0.01764378959414931,-0.002573898964165664,-110.5004516483165,-110.69669021412868,-1.356532410427094,-7.924738252870277,-1.3538458133096918,-0.033055570490517425
2.0200000000000014,0,0,0,0,0,0,0,0.0008599608839769957,0.0007588012725276982,-0.0050804832339998995,8.819135670634637e-07,0.02720191156492735,18.849529537272073,0.01650741918954452,0.0062214483411758914,-110.50845995990011,-110.67254324624311,-1.3599739258260952,-7.9120965693138015,-1.35748109803947,-0.02309462041645298
2.0400000000000014,0,0,0,0,0,0,0,0.0008162258665844746,0.0006743606715540196,-0.004714225437083108,-1.7710795337855245e-05,0.025513071108284713,18.849555617677197,0.015398584048708367,0.02128559392779644,-110.45919230785492,-110.63756902018896,-1.3571206768394506,-7.894321068675066,-1.3544070086199445,-0.00795674337588037
2.0600000000000014,0,0,0,0,0,0,0,0.000772531503670848,0.0006001557921342382,-0.004372409378949449,-1.3704523059487883e-05,0.023836220791008778,18.84880147633175,0.014326460026353738,0.01740338314887841,-110.46111182549369,-110.62172910886824,-1.3448095424411008,-7.88971933894301,-1.3645647343865908,-0.005297377707523768
2.0800000000000014,0,0,0,0,0,0,0,0.0006882103868672829,0.00047998738861831924,-0.003764566586973217,1.1053441717479018e-07,0.020645783839129628,18.84955582109497,0.012338411056851382,0.07116720930068027,-110.29768911284323,-110.53176709660556,-1.3228703127678847,-7.832687384004622,-1.3200253486620348,0.04780855036861328
2.1000000000000014,0,0,0,0,0,0,0,0.0006882103868672829,0.00047998738861831924,-0.003764566586973217,1.1053441717479018e-07,0.020645783839129628,18.84955582109497,0.012338411056851382,-0.006286699706124186,-110.37514302185004,-110.60922100561237,-1.4003242217746892,-7.910141293011427,-1.3974792576688393,-0.029645358638191188
2.1200000000000014,0,0,0,0,0,0,0,0.0006497113019712231,0.0004330263271361545,-0.0035026787376235546,-1.3847033330627312e-05,0.0192318650747767,18.849315525117508,0.011461461148901921,-0.0519837310955164,-111.12235412405973,-110.74140364653108,-1.4408063248760101,-7.96718480742702,-1.438626189094389,-0.08268764968070962
2.1400000000000015,0,0,0,0,0,0,0,0.0006138853518571352,0.0003926914498864065,-0.003266720491638786,-9.013268648772055e-06,0.017951976981051665,18.849553150467326,0.010665702684558725,0.08009539603876055,-110.42122067558009,-110.5204502869533,-1.3146818348366025,-7.8233984523209745,-1.3117061655613886,0.055473064553150125
2.1600000000000015,0,0,0,0,0,0,0,0.0005761575372602579,0.0003572313274906591,-0.0030366628425895215,1.4496114175699404e-07,0.016575822789998362,18.849555888497868,0.009848556102695106,0.046062821890259294,-110.31101230068388,-110.52516887776586,-1.369808285405673,-7.851011616729023,-1.3666801581259855,0.025861824226194763
2.1800000000000015,0,0,0,0,0,0,0,0.000539333469188108,0.0003207809168941367,-0.002818065275707937,2.3249427982818816e-06,0.015222321684130513,18.84947764422423,0.009060998568645048,0.029831945795857386,-110.34600279890844,-110.53191513030308,-1.3740726064746047,-7.864211835515161,-1.370999490614005,0.01186306976308843
2.2000000000000015,0,0,0,0,0,0,0,0.0005072250793922706,0.00029128547278123307,-0.0026291510655456207,-1.7886367024821936e-05,0.014081099214647175,18.84955501930285,0.008383906458979868,0.014199715777015731,-110.40166583846293,-110.54667909789838,-1.3832563901577293,-7.878522272159047,-1.3803022332619739,-0.00283882666638223
2.2200000000000015,0,0,0,0,0,0,0,0.0004779517314421611,0.0002689612571202815,-0.0024626250814003825,-8.973747247509323e-06,0.013070549114231333,18.84955590672308,0.007779930129859621,-0.05526749389211277,-111.17365207396986,-110.70329233209448,-1.4528187166160733,-7.958488207913069,-1.4498092207727291,-0.0785048091945299
2.2400000000000015,0,0,0,0,0,0,0,0.0004503577359109556,0.0002504185264191605,-0.002311064019000497,9.216514023080435e-07,0.012131395906917142,18.84952892954482,0.007222197645707108,0.07730356027504484,-110.45323460436435,-110.48245499934495,-1.3206957691143537,-7.8141832896600985,-1.3178716238545924,0.060458934396474644
2.2600000000000016,0,0,0,0,0,0,0,0.00042153966566083056,0.000233769877570289,-0.002162119862993528,-1.895918468619584e-05,0.01112951518428762,18.84955561049347,0.0066508106469988625,0.04074254087378188,-110.33042912115053,-110.49263540489707,-1.3772483652031537,-7.845909952436286,-1.3740899857839974,0.02710774984843855
2.2800000000000016,0,0,0,0,0,0,0,0.0003939250418554252,0.000213823861381357,-0.0020205030375182176,-1.2913254566981891e-05,0.010166125657961267,18.848823468655695,0.0061092221856439855,0.022410152086458805,-110.3507695215305,-110.50703109692581,-1.384473547025556,-7.8637136738212545,-1.3823273573249066,0.008505290790901485
2.3000000000000016,0,0,0,0,0,0,0,0.00037033822558463214,0.00019824289542569318,-0.0019016201431556468,-4.221939949644593e-06,0.009392224682023276,18.84954747737162,0.00566406620051729,-0.058724951516850886,-111.12412546122441,-110.67472821664074,-1.457152233816327,-7.9538492332240915,-1.4540857563833878,-0.07695584797136862
2.3200000000000016,0,0,0,0,0,0,0,0.000349178687363505,0.00018558573921190202,-0.0017969334202572185,-2.2614100843476592e-05,0.0087166410303956,18.849555824014434,0.005271658015801694,0.06385402625471252,-110.42134447865308,-110.46364247390085,-1.307394357410008,-7.815729775808827,-1.3233400120035805,0.056305125180095186
2.3400000000000016,0,0,0,0,0,0,0,0.00032666044026896657,0.000173451526520374,-0.0016915580492762317,-2.090088127637557e-05,0.007974551543040498,18.849291094130304,0.004859017664428689,0.027976311403189007,-110.30058330010593,-110.47614476369299,-1.3646644482546535,-7.847683277339002,-1.3807849958150495,0.023108041961609378
2.3600000000000017,0,0,0,0,0,0,0,0.0003033564159373725,0.0001570104591550603,-0.0015842207450793566,-1.2662153396902909e-05,0.007186439965489733,18.84955286910027,0.00443464632657941,0.02098644014180985,-110.30055257262693,-110.48395611040587,-1.387125842514205,-7.859160864138201,-1.3842358606217884,0.011565438769289187
2.3800000000000017,0,0,0,0,0,0,0,0.00028337282620150006,0.00014434475279578862,-0.001495935482815014,-4.383832165721913e-06,0.006568402824739472,18.84955588544567,0.00409154693528065,-0.05610456630169359,-111.08273061360337,-110.65403633068509,-1.462777492407291,-7.949256451001678,-1.4596973911987423,-0.07336969274084995
2.4000000000000017,0,0,0,0,0,0,0,0.00026536159472101417,0.00013467944036360535,-0.0014192160678643262,-1.931335118943167e-05,0.006035896235116134,18.849473312520775,0.003794008245232882,0.06767218041810087,-110.3823636567315,-110.44389249079434,-1.3121941968237816,-7.810442012626912,-1.327915585037276,0.06044265805756835
2.4200000000000017,0,0,0,0,0,0,0,0.00024564540896854226,0.000126292983734011,-0.001339233276516083,-1.429530023600023e-05,0.00541875423954874,18.849554969399428,0.003465815669293265,-0.028270998461139132,-110.97972251829941,-110.61010643637387,-1.4544622925453305,-7.918456681640743,-1.4512042113349566,-0.04376949670474215
2.4400000000000017,0,0,0,0,0,0,0,0.00022675903425195543,0.00011380263789817491,-0.0012609912968715165,-4.209125606280395e-06,0.00481815806617103,18.849555906692874,0.0031506916855039715,0.024280624034046152,-110.90577229213054,-110.55251580300289,-1.3875598494610637,-7.864586179242062,-1.3845936813619486,0.010111622834729462
2.4600000000000017,0,0,0,0,0,0,0,0.00020871223860652321,9.64092500916891e-05,-0.0011848135444321173,-3.6837679173729043e-06,0.004246325871839041,18.84952754229901,0.0028530829509812177,0.09943965482762646,-110.05433070880049,-110.36963257486572,-1.3213487853695993,-7.773055872914904,-1.3183345175380854,0.09605661009101599
2.4800000000000018,0,0,0,0,0,0,0,0.0001903933728613083,7.30211915991319e-05,-0.0011048153630035529,-2.2731352648186487e-05,0.003638374190271243,18.849555594267397,0.002544204381036692,-0.032941330258782146,-110.70311049209855,-110.56667748484806,-1.4311504007955367,-7.9098806422955485,-1.4471199521302387,-0.03650354693071653
2.5000000000000018,0,0,0,0,0,0,0,0.0001760536713089067,4.441609819227921e-05,-0.0010364996224332401,-1.3203289848995325e-05,0.003185584015803933,18.848823201970852,0.0023070533145274274,0.07409490813035095,-110.00876477418437,-110.38347579299804,-1.3312047588421863,-7.798487348124001,-1.3289520312199754,0.07047827362523595
2.520000000000002,0,0,0,0,0,0,0,0.00016406296079551907,2.086922704069849e-05,-0.0009807470528455653,-4.381427381794367e-06,0.002849226950265127,18.84954747436141,0.0021355207200929524,-0.053819202275550246,-110.70086134849214,-110.58993991448614,-1.465403241396048,-7.933877587822922,-1.4621704396101343,-0.06243660442768746
2.540000000000002,0,0,0,0,0,0,0,0.00015306283947502664,-2.492723320202117e-06,-0.0009283020913084528,-2.174224037965189e-05,0.0025347704518692282,18.849555823716422,0.001970932779393694,-0.011934791189674412,-110.75681054366329,-110.5578825207587,-1.3867411177582554,-7.8889694304509055,-1.4020314362641044,-0.015230661659309825
2.560000000000002,0,0,0,0,0,0,0,0.0001426703082341163,-2.313029601452854e-05,-0.0008808971198028814,-2.1022762406452955e-05,0.002249635167166808,18.849289619698958,0.0018197117365525725,0.07959152436839015,-109.91510138487742,-110.36310363992135,-1.308487921949733,-7.782887258340838,-1.3246561586623926,0.0856309355570072
2.580000000000002,0,0,0,0,0,0,0,0.00013008483103149615,-4.6382088121355025e-05,-0.0008244381692792402,-1.3445377173404438e-05,0.0018469478650908755,18.849552852134643,0.001618243478257616,0.02754790797564989,-109.87400060339584,-110.40633918810148,-1.3905349409995595,-7.838802863218289,-1.3874322941891608,0.029251197684366754
2.600000000000002,0,0,0,0,0,0,0,0.00011979707967491038,-6.695281144253329e-05,-0.0007802229604649824,-4.231189593362217e-06,0.0015613434023231676,18.84955588527239,0.0014694175342664078,-0.004622624185984596,-110.01270460268664,-110.45179144421016,-1.4025802444375661,-7.872584052884375,-1.3996067900579066,-0.003618291319497015
2.620000000000002,0,0,0,0,0,0,0,0.00011355739402496567,-7.652036291272424e-05,-0.0007583141402403015,-2.3688059220816626e-06,0.0014712413127044854,18.849452422102146,0.0014076811089778292,-0.08504703122355545,-110.89087183205359,-110.63928593833904,-1.479368843053188,-7.96717574373317,-1.4760779443452934,-0.09241739840269979
2.640000000000002,0,0,0,0,0,0,0,0.00010829673093937231,-7.550169657211114e-05,-0.0007457779188309033,-2.2876091874124427e-05,0.001417147483919301,18.849554728408698,0.0013635639647335551,-0.020590610875481145,-110.96059393676731,-110.58770659764771,-1.3926068750801914,-7.9007982727252335,-1.408731077063544,-0.025411872336193016
2.660000000000002,0,0,0,0,0,0,0,0.00010003924368362505,-7.197628914745735e-05,-0.0007236443018303618,-1.4478118147032148e-05,0.0012137178332425336,18.849555906066836,0.001256753018402365,0.085715383369676,-110.14254933543981,-110.38699880920039,-1.3323243401232538,-7.785357106540615,-1.3289887470742392,0.08437751520106955
2.680000000000002,0,0,0,0,0,0,0,7.599691068094216e-05,-8.397001380799907e-05,-0.0006393071296502129,-4.257527013606932e-06,0.0003896723076897146,18.84955542552237,0.0008675280213516133,0.03684103839591833,-110.03936651083684,-110.41174589103552,-1.3807120121560794,-7.829822993516378,-1.3776649932986798,0.039377478996171535
2.700000000000002,0,0,0,0,0,0,0,7.599691068094216e-05,-8.397001380799907e-05,-0.0006393071296502129,-4.257527013606932e-06,0.0003896723076897146,18.84955542552237,0.0008675280213516133,0.017028447926579964,-110.05917910130619,-110.43155848150485,-1.400524602625418,-7.849635583985716,-1.397477583768018,0.019564888526833173
2.720000000000002,0,0,0,0,0,0,0,6.807399671515668e-05,-8.69298688126463e-05,-0.0006147211542915088,-2.262933315400062e-05,0.00016375932538625904,18.849555934758705,0.0007553625205018693,-0.0669084598918253,-110.87943095380406,-110.60937099029755,-1.4524501678156994,-7.941184741705272,-1.4683297351246016,-0.06624581105293446
2.740000000000002,0,0,0,0,0,0,0,6.257579683399683e-05,-8.453456761969846e-05,-0.0006014474544988602,-1.3426675252503628e-05,3.873522586506084e-05,18.8495421281156,0.000688155657839661,0.06117241555148468,-110.24895730559726,-110.41526331435027,-1.3428315614610649,-7.809072991429943,-1.3397308947402533,0.06181693403509568
2.760000000000002,0,0,0,0,0,0,0,5.542364629285146e-05,-7.991413859897989e-05,-0.0005854514433218938,-4.648353097991276e-06,-0.0001184673725189711,18.849555762583247,0.0006095695490352662,0.022618518865823577,-110.19040958360151,-110.45248289070527,-1.3999069107743238,-7.851071151283147,-1.3965959089867963,0.01955513868929582
2.780000000000002,0,0,0,0,0,0,0,4.80847558410602e-05,-7.774507547697596e-05,-0.0005667633744073086,-2.907428434006931e-06,-0.00029526855637218574,18.84917468006102,0.0005240500281974606,0.010979311683630215,-110.26428823011446,-110.47114266332431,-1.400605477712533,-7.8642755122902,-1.3976462486692962,0.006771879648110518
2.800000000000002,0,0,0,0,0,0,0,4.35012852229022e-05,-7.016951447269548e-05,-0.0005613249025611111,-2.2688988916996777e-05,-0.0003481901020601086,18.849551526312986,0.0004930076693766597,-0.0066041498536186525,-110.34558685737251,-110.49064237785115,-1.3852248612176672,-7.875201612903377,-1.401299206448,-0.003642927870824515
2.820000000000002,0,0,0,0,0,0,0,3.723981886238903e-05,-4.108701887783894e-05,-0.0005647427612478495,-1.5543678220097945e-06,-0.00039815133685916493,18.849425253397285,0.00045604487637758147,-0.002611046683575085,-110.44525870033502,-110.50134063457757,-1.4045685293788932,-7.876349802733117,-1.4013796763335942,-0.004211576111199718
2.840000000000002,0,0,0,0,0,0,0,3.723981886238903e-05,-4.108701887783894e-05,-0.0005647427612478495,-1.5543678220097945e-06,-0.00039815133685916493,18.849425253397285,0.00045604487637758147,-0.0652843816622627,-111.20096378718353,-110.65360537822315,-1.471300360916961,-7.950111785238332,-1.4681588661280114,-0.07311732958432429
2.860000000000002,0,0,0,0,0,0,0,3.404064446321797e-05,-2.2430106813686734e-05,-0.0005673999997561907,-2.2898310293228974e-05,-0.000453411554979688,18.84955441520942,0.0004249970336524389,0.001902581924141383,-111.16934837707596,-110.58423493060916,-1.3813350933039101,-7.878428267855926,-1.3974830593486824,-0.0013971093116080576
2.880000000000002,0,0,0,0,0,0,0,2.90467965964325e-05,-9.401365228534075e-06,-0.0005580118082448848,-1.4399705682954789e-05,-0.0006322935109528416,18.849555902998016,0.0003409630909280987,0.1013281146844483,-110.27281518420624,-110.3780100275346,-1.321922216347696,-7.767494911407495,-1.318600963410475,0.1034346107134531
2.900000000000002,0,0,0,0,0,0,0,2.305046644401898e-05,-7.855989306193578e-06,-0.0005326455409493391,-1.172250707259792e-05,-0.0009444215095788522,18.849513221121914,0.000199746807800971,-0.021292419821745092,-110.86768545678675,-110.56270779351105,-1.4485023088662743,-7.897892375451484,-1.4457332356073622,-0.023017318785596142
2.920000000000002,0,0,0,0,0,0,0,2.0093018836320198e-05,-1.331269389481804e-05,-0.0005127816370169569,-4.221963532557993e-06,-0.0011346829341052356,18.849555429720194,0.00011457597502444873,0.008632611504672063,-110.81446183317908,-110.52810220255591,-1.39340165888079,-7.862778754666333,-1.390394820355888,0.012058332382646284
2.940000000000002,0,0,0,0,0,0,0,1.892275957260381e-05,-2.3708322709481422e-05,-0.0004979555752768761,-2.3680774590140174e-05,-0.0012311678608485366,18.849555933427546,7.077396224859692e-05,0.07317214850265669,-109.98879164077617,-110.35602613185769,-1.306658884877251,-7.777771202172489,-1.3232983519551598,0.09151226186982984
2.960000000000002,0,0,0,0,0,0,0,1.8035810212424508e-05,-3.95090009730481e-05,-0.0004776463766518191,-1.3317960493530734e-05,-0.0013638427716360368,18.849541446440178,1.1524974756528317e-05,-0.05053494397918329,-110.66075342801787,-110.55868767913145,-1.457359279743579,-7.916821523408673,-1.4542744483770595,-0.043141113997328104
2.980000000000002,0,0,0,0,0,0,0,1.7844901504027177e-05,-5.696834745450019e-05,-0.0004683101105227294,-4.181009424897297e-06,-0.001351170358377729,18.8495557549428,2.9968046777643023e-05,-0.014608282129952686,-110.70651603432292,-110.53645510173995,-1.4023689118129319,-7.885013555574651,-1.399397736931751,-0.014654419437880671
3.000000000000002,0,0,0,0,0,0,0,1.8104018106868125e-05,-7.191198106593077e-05,-0.00046660119446872983,-3.209040747798042e-06,-0.0012622081501216798,18.849142072192283,8.756997943242136e-05,-3.380381140460605e-05,-110.64727704118282,-110.5184173654756,-1.4034588427257448,-7.872305719410728,-1.400249070599035,-0.002615468902322295
3.0200000000000022,0,0,0,0,0,0,0,1.773369718893747e-05,-8.981030474153329e-05,-0.00045394397530706954,-2.271894162930721e-05,-0.0012940063832083126,18.849551150385125,9.064598682827532e-05,0.005885908087075239,-110.55597366290614,-110.49769590012309,-1.3763428008895824,-7.86059266576474,-1.3924490458064684,0.009317426796120422
3.0400000000000023,0,0,0,0,0,0,0,1.814004016242876e-05,-0.00011373861792218776,-0.00043589832016355246,-1.4153999741139955e-05,-0.001356001110554672,18.849555794215384,7.472333037410388e-05,-0.1755097286429185,-109.7145976037273,-110.33311980194006,-1.3277092218436584,-7.7809961226904845,-1.3248502562910318,0.0850757706786132
3.0600000000000023,0,0,0,0,0,0,0,3.574803475370203e-05,-0.00013754186196379692,-0.00041912648850761514,-1.3819097905987121e-05,-0.0014070863998654204,18.849528692712244,5.759115704358447e-05,-0.12088107213645839,-109.74525994781655,-110.39227344200323,-1.394849843205969,-7.848487861465251,-1.3916328479960647,0.017599582335133823
3.0800000000000023,0,0,0,0,0,0,0,5.773270906761496e-05,-0.00015665535843290002,-0.0004166662070552718,-4.252594994369474e-06,-0.0013120663341661398,18.84955560801188,9.926211335804673e-05,-0.15955066734807366,-110.65906171310121,-110.60294992511476,-1.477660113572013,-7.964949016399614,-1.4746482026986507,-0.09222923675855708
3.1000000000000023,0,0,0,0,0,0,0,6.999391386752762e-05,-0.00016462757759061475,-0.00043518392786978666,4.6154958619482045e-06,-0.0010333600676473154,18.84861739413031,0.00021700483639474797,-0.005200972785747613,-110.09784503909388,-110.42228919793845,-1.3311330724834995,-7.839044458812751,-1.328006167828852,0.030170009295753374
3.1200000000000023,0,0,0,0,0,0,0,7.200984788902076e-05,-0.00016259419015707266,-0.0004491913317128393,-1.869027467904516e-05,-0.0008751767709966884,18.84954510138879,0.0002805723938572818,-0.014592260659305996,-110.10226649795213,-110.45452727212908,-1.4079723877460295,-7.87283911077622,-1.4047723773813878,-0.003761598985570096
3.1400000000000023,0,0,0,0,0,0,0,6.662869465934307e-05,-0.00016053330760623652,-0.00044794847706963736,-8.631726818641994e-06,-0.0009070431341848817,18.849555797223967,0.00026108189737510183,-0.0022711207753005496,-110.1922682817766,-110.46466944132221,-1.4080127364039718,-7.874199298574788,-1.4050024166561736,-0.0044397043427511634
3.1600000000000024,0,0,0,0,0,0,0,6.0062585658826606e-05,-0.00015015987696642696,-0.00045294970606502005,-5.667364239236861e-06,-0.0009106685520050561,18.849245479855007,0.00025329275541221993,0.0006530539052933425,-110.27820939800169,-110.47856647469636,-1.4181211612790017,-7.876276498940882,-1.4094118758316367,-0.005636395479161569
3.1800000000000024,0,0,0,0,0,0,0,5.329274043930354e-05,-0.0001339017196704262,-0.00045807546972032043,-2.2970181501769105e-05,-0.0009486202711483926,18.84955234258809,0.00023015597413031882,-0.0022897667242913807,-110.3728372088401,-110.48765882617155,-1.3902556413148088,-7.873928167452663,-1.4064962237864453,-0.002448694934710142
3.2000000000000024,0,0,0,0,0,0,0,4.641374880876015e-05,-0.00011251508871978899,-0.0004628395636014915,-1.3869952356415638e-05,-0.0010228027252763283,18.849555880213618,0.00019093008462391507,0.007441538680316786,-110.449818995274,-110.49093744756401,-1.4073989196103562,-7.868528545975276,-1.4041980319374145,0.0036246853993958687
3.2200000000000024,0,0,0,0,0,0,0,3.973849551108799e-05,-8.706888915455124e-05,-0.0004672709270083786,-2.0754809213485714e-06,-0.0011287165735760496,18.849454029063278,0.00013756864378482847,-0.057634652438820315,-111.26437919194606,-110.65341211443271,-1.4740195500750608,-7.944388620321848,-1.4727525673179833,-0.06644716669960285
3.2400000000000024,0,0,0,0,0,0,0,3.341791377309278e-05,-6.0919178750395986e-05,-0.00047103072542942215,1.526444926014392e-07,-0.0012496202429188585,18.849554747017365,7.76133739959057e-05,0.017067771626069237,-111.23009445934362,-110.58152192472241,-1.4012460177816575,-7.8692858401490255,-1.3980138187444102,0.009008232552071407
3.2600000000000025,0,0,0,0,0,0,0,2.6219180428554978e-05,-4.2670546170242574e-05,-0.00046327419537739445,-1.9264820951825357e-05,-0.001469520356731202,18.849555905572306,-1.6485988996699348e-06,0.12006604004222217,-110.26446596751232,-110.36007428389867,-1.3140409796616148,-7.751199445722755,-1.310738087910357,0.08950005202874567
3.2800000000000025,0,0,0,0,0,0,0,1.973853080450283e-05,-3.987818850959002e-05,-0.0004385851287143083,-1.3898924114741362e-05,-0.0017973454577893122,18.849522749480993,2.098805291166797e-05,0.054147264193366754,-110.11663396572807,-110.39530330460717,-1.3780052943830539,-7.811616031550103,-1.374738497935953,0.0252501967747155
3.3000000000000025,0,0,0,0,0,0,0,1.7574915410989433e-05,-4.4416074763020674e-05,-0.00042672013642786055,-4.22985551384869e-06,-0.0019184269953900213,18.849555539257903,0.00011068854194690893,0.005765425644502745,-110.17909074903577,-110.44352278510407,-1.3921630674968075,-7.857031188380796,-1.3891823902429972,-0.012726852285649692
3.3200000000000025,0,0,0,0,0,0,0,1.78675976076903e-05,-4.5283851657806906e-05,-0.00044036206615949425,4.56778901192223e-06,-0.0017423523734478863,18.84862879229369,0.0002838197767022353,-0.09106020926980822,-111.00763560806406,-110.63719628715691,-1.4520616648717923,-7.963913682219551,-1.4489717849436652,-0.10636713471904265
3.3400000000000025,0,0,0,0,0,0,0,1.902179573409768e-05,-4.182472438341023e-05,-0.0004655412652265767,-1.759053008232314e-05,-0.0014515781738664302,18.849545232984788,0.0004590466274302591,0.04040007686959278,-110.33217725335827,-110.4360899039397,-1.3399281323467545,-7.829611023736932,-1.336919618054453,0.030565089019871185
3.3600000000000025,0,0,0,0,0,0,0,1.9366496228911956e-05,-3.7698094663696224e-05,-0.0004815870668108957,-9.47415284979769e-06,-0.001291856147256354,18.849555798338706,0.0005397609239744481,-0.010479811280520215,-110.45680583529136,-110.49640046514978,-1.4152021809385267,-7.883057351020609,-1.4119136887933503,-0.01703063268647236
3.3800000000000026,0,0,0,0,0,0,0,1.815554980577616e-05,-3.4275510103043416e-05,-0.0004906778736435413,-5.424828724009956e-06,-0.0012121451150752804,18.84926048014309,0.00056224259802449,0.013633250597951044,-110.27344641352445,-110.4540587278043,-1.3880944216700968,-7.858116104087549,-1.3798252503259796,0.010227262770703228
3.4000000000000026,0,0,0,0,0,0,0,1.8020230675652726e-05,-3.05709920667141e-05,-0.0005023027851533968,-2.3111947739629102e-05,-0.0010987774409363382,18.849552515494203,0.0005856927753693466,-0.012482921813661844,-110.3095740205413,-110.4771309160177,-1.3845754091826104,-7.878167825420074,-1.4009020978236157,-0.007659017473343222
3.4200000000000026,0,0,0,0,0,0,0,1.822334983359042e-05,-2.4906965785831403e-05,-0.0005133252682361089,-1.35957696825173e-05,-0.0010009427176100871,18.849555881707513,0.0005952719385834217,-0.012108485744672146,-110.4059481927127,-110.49271111277966,-1.407425422986144,-7.884631226341736,-1.404310077835468,-0.012474490872877542
3.4400000000000026,0,0,0,0,0,0,0,1.8093038392841265e-05,-1.4170520994838398e-05,-0.0005259044509307031,-2.065262594719286e-06,-0.0009126048937888598,18.84945443454108,0.0005979712303712742,-0.010835682296750406,-110.473657439832,-110.49967303313358,-1.4066917885795112,-7.883352218101805,-1.405433420897633,-0.010219758234506635
3.4600000000000026,0,0,0,0,0,0,0,1.7499313498703373e-05,9.470401423072872e-07,-0.0005360937413838585,1.6368926303300668e-07,-0.0008764918149601897,18.849554751898054,0.000578201460729576,-0.005829659497798293,-110.5031210768621,-110.5007093179104,-1.4068406977323242,-7.8778307769839255,-1.4036053073299861,-0.004174988808726797
3.4800000000000026,0,0,0,0,0,0,0,1.7325853395533386e-05,1.6473756490498204e-05,-0.0005419890314373177,-1.8375725283625854e-05,-0.0008979036012162211,18.849555905645442,0.0005345695316874605,0.0009396511405060314,-110.52965240258308,-110.4979888316452,-1.4041818311884984,-7.87114624208049,-1.401034851500801,0.0028519932063869233
3.5000000000000027,0,0,0,0,0,0,0,3.182317766015075e-05,3.3812133652944e-05,-0.0005452368333207502,-1.908429031782788e-05,-0.0009615288958313428,18.849521613552948,0.00047428562505925584,-0.1869815816203793,-111.26683293046848,-110.6473314460255,-1.4691483168935935,-7.94232299369177,-1.465889243517917,-0.06319943447432726
3.5200000000000027,0,0,0,0,0,0,0,5.87196210286578e-05,5.0515003897189104e-05,-0.0005465126606800652,-9.145961733736385e-06,-0.0010469696837569487,18.849555526153104,0.0004064603726332784,-0.12553949144531157,-111.21332233370907,-110.57816894540677,-1.400124792046771,-7.872210923015599,-1.3969695584955775,0.006987448654571911
3.5400000000000027,0,0,0,0,0,0,0,7.994769470176522e-05,5.8505948385523254e-05,-0.0005355396647486188,1.2945457505963986e-07,-0.0012305431375940756,18.84955593197201,0.00029781352731007914,-0.00048324895556953575,-110.2747786439408,-110.36853693679353,-1.3188651412913155,-7.761180482932855,-1.31550366689702,0.11184988318391942
3.5600000000000027,0,0,0,0,0,0,0,9.037457067151422e-05,5.390291767604083e-05,-0.0005106409168327275,-2.2092046382482522e-05,-0.0015102595893425885,18.849542344210768,0.00014452842017420434,-0.09811899404607183,-110.85812791448936,-110.55719129351375,-1.4281081455428577,-7.896452656943621,-1.4440036168702954,-0.01857869073286335
3.5800000000000027,0,0,0,0,0,0,0,9.637881494750644e-05,4.142277761420843e-05,-0.0004970440008937871,-1.2911014839467327e-05,-0.0016060862366948925,18.849555765139517,7.310111256819907e-05,0.02607933886525257,-110.14373857480257,-110.37674508280769,-1.324514469682483,-7.791751624658293,-1.3215643230621632,0.08126690134105381
3.6000000000000028,0,0,0,0,0,0,0,9.876895304028466e-05,2.8737355597385772e-05,-0.0004954836878923174,-1.8302311797668835e-05,-0.00154986225903464,18.849156868278317,7.074435221255888e-05,-0.08523612563410193,-110.85509454497587,-110.59218353333897,-1.47338913750417,-7.936800355506973,-1.4650277656892543,-0.05963840170713118
3.6200000000000028,0,0,0,0,0,0,0,9.843831217537513e-05,1.374938417431082e-05,-0.000498333570713605,-2.1652827334683877e-05,-0.0014201461053557907,18.849551320975404,0.00010499224505027559,0.03470340687306256,-110.10388983206,-110.39485820949538,-1.3118031107387964,-7.812337819998779,-1.3271664571904516,0.05936711035579688
3.640000000000003,0,0,0,0,0,0,0,9.64209067202404e-05,-7.552606815508511e-07,-0.0005051225454879571,-1.4436246568827471e-05,-0.0012447638242285564,18.84955586806385,0.00016354409318816102,-0.07626247171970538,-110.83785881086892,-110.60342406775843,-1.4715178764962984,-7.948367278488842,-1.4681968397097487,-0.07267859924392299
3.660000000000003,0,0,0,0,0,0,0,9.231548563981562e-05,-1.4172408024926142e-05,-0.0005088049406234418,-1.5024647694872328e-06,-0.0011039307332554316,18.849432168163784,0.00021093699674674582,0.05051643991015908,-110.09578559657515,-110.398991798339,-1.3342676075027247,-7.815619002656744,-1.3312989357166698,0.05478469718363265
3.680000000000003,0,0,0,0,0,0,0,8.0511053992538e-05,-3.962004167679112e-05,-0.0005070957752444372,-1.3067723294568623e-05,-0.0009519372240207602,18.849555903043225,0.0002569342769483258,-0.008103968173854658,-110.16974451971525,-110.46407823409521,-1.4056530228175774,-7.880633401759955,-1.402658212163758,-0.010921984140507782
3.700000000000003,0,0,0,0,0,0,0,8.0511053992538e-05,-3.962004167679112e-05,-0.0005070957752444372,-1.3067723294568623e-05,-0.0009519372240207602,18.849555903043225,0.0002569342769483258,-0.0029222247100592603,-110.16456277625146,-110.45889649063142,-1.4004712793537821,-7.87545165829616,-1.3974764686999628,-0.005740240676712387
3.720000000000003,0,0,0,0,0,0,0,7.571729076438771e-05,-4.387094211200093e-05,-0.000513600441178319,-1.1939872596400392e-05,-0.000836555764532676,18.849513063447812,0.0002988546250400048,-0.01281257289297828,-110.24142454795032,-110.47930508044568,-1.411381134655091,-7.885181433596313,-1.4085516333041952,-0.014946733503196363
3.740000000000003,0,0,0,0,0,0,0,7.066021637669451e-05,-4.074937309184179e-05,-0.0005196826699718216,-4.489466459922653e-06,-0.0007719576052878097,18.849555427652135,0.00031910587426846565,-0.08001855763533929,-111.09343257721237,-110.65166053528829,-1.4831350740813574,-7.9650560767012495,-1.4799455682837352,-0.08895595921358268
3.760000000000003,0,0,0,0,0,0,0,6.509069370430609e-05,-3.178647642876342e-05,-0.000524245191433792,-2.3052811281232266e-05,-0.0007632778133688234,18.84955593483628,0.00031548545543732057,-0.006445021666310778,-111.10272390775592,-110.58396459048055,-1.390280041290015,-7.887716155535031,-1.4064890312429337,-0.011082701129612675
3.780000000000003,0,0,0,0,0,0,0,5.624954554583894e-05,-2.546110484935582e-05,-0.0005127712154875397,-1.4203891442576833e-05,-0.0009411193261987805,18.849541819286674,0.00023125676225254916,0.10711924555296327,-110.1733281939536,-110.36244710090152,-1.3233863043983423,-7.76325492001604,-1.3200834296856727,0.10722897768104274
3.800000000000003,0,0,0,0,0,0,0,4.462096258883719e-05,-2.845584621979924e-05,-0.0004821854716192675,-4.461313878323381e-06,-0.001302295167387335,18.849555758984472,6.77480187658748e-05,-0.019067711991899418,-110.82369293531411,-110.55794930210423,-1.456617031151048,-7.8975219406477715,-1.4534488817685682,-0.022496123883831952
3.820000000000003,0,0,0,0,0,0,0,3.6337660002772054e-05,-3.785261684274843e-05,-0.000460078751177484,-2.87086608352638e-06,-0.0015158572089797318,18.849180272359927,1.835152798241551e-05,0.08478975905525397,-110.06002272065145,-110.36432080989215,-1.3254311220767434,-7.780877832021581,-1.322508790246691,0.07056288731945343
3.840000000000003,0,0,0,0,0,0,0,3.185300213282005e-05,-4.97799484815431e-05,-0.00044812329969268205,-2.363223914780832e-05,-0.0015856014529314066,18.849551590965675,8.113905273800579e-05,0.015376949914771253,-110.03919115457549,-110.41542504484218,-1.3729234983613114,-7.8436150759259124,-1.389656506110681,0.006230869761366906
3.860000000000003,0,0,0,0,0,0,0,2.9262838685539805e-05,-6.095090821744975e-05,-0.00044372523231572814,-1.297866226757094e-05,-0.0015656311394423028,18.849555871203485,0.00016900408199440085,-0.009887102240561193,-110.15236276268978,-110.45812556062181,-1.4025041524245907,-7.876172991798978,-1.3995313459151324,-0.02137314633913601
3.880000000000003,0,0,0,0,0,0,0,2.951640264825528e-05,-6.386623008847181e-05,-0.00045800965104447755,-1.5322969435516143e-06,-0.0013638799696824577,18.849426339051657,0.0003059117994180766,-0.02528088026103481,-110.26264685679776,-110.48955131422977,-1.4116245555745517,-7.893594092134768,-1.4085049656059725,-0.03299422354789797
3.900000000000003,0,0,0,0,0,0,0,3.0583370503656226e-05,-5.8359783791317454e-05,-0.0004783017594949257,-2.2883050569078023e-05,-0.0011391966880021087,18.849554427729576,0.0004265113828513223,-0.09771940748454666,-111.12633170505192,-110.66629942700668,-1.4635299853382406,-7.976762654944329,-1.4796576284824459,-0.10641417614313405
3.920000000000003,0,0,0,0,0,0,0,3.0592139062868284e-05,-4.6634013556534626e-05,-0.0004967667806905496,-1.3810190755414453e-05,-0.0009765118261926276,18.849555901896444,0.0004992161893911317,-0.01372290986732444,-111.13866127545202,-110.59889396068007,-1.4107954173960857,-7.8993643712892565,-1.4076174778406032,-0.025412342878731783
3.940000000000003,0,0,0,0,0,0,0,2.7809537364476e-05,-3.487034459848104e-05,-0.0004956395463917573,-1.241712615662749e-05,-0.001044562544901595,18.84951070996025,0.0004727460860257115,0.08492832038881729,-110.26508393049936,-110.39435684806693,-1.332843924966861,-7.78179340005768,-1.3298990766047196,0.08569391966371548
3.960000000000003,0,0,0,0,0,0,0,2.2457595687086496e-05,-3.3065089199979525e-05,-0.00046884857172901917,-4.507754987059798e-06,-0.0013633742999488163,18.849555400551296,0.0003316642330587799,0.03611406629918022,-110.13670743862879,-110.41632009389474,-1.387440680639632,-7.822211313958682,-1.3842199842546334,0.045583112614473564
3.980000000000003,0,0,0,0,0,0,0,1.971545447343459e-05,-3.721118276711621e-05,-0.0004473253280927736,-2.1764406721302976e-05,-0.0015833436178649407,18.84955593419825,0.00022702196680994321,0.0033746076205202987,-110.20470059335469,-110.44612015210673,-1.3750175467976609,-7.850230657648109,-1.3903388169287783,0.019443270000238246
4.000000000000003,0,0,0,0,0,0,0,1.9220030806899047e-05,-3.562486780683827e-05,-0.00044749769125029815,-1.3301282886679644e-05,-0.0015762697247616586,18.849542606656144,0.00021663412629700213,-0.07722774149543774,-111.01551498256022,-110.63058557069054,-1.4706950156374734,-7.949759998869681,-1.4676179351047813,-0.07390435600146174
4.020000000000002,0,0,0,0,0,0,0,1.9683247283630578e-05,-2.9613606780998225e-05,-0.0004593653394469044,-4.405920853933765e-06,-0.0014582451304105959,18.849555768297243,0.00024959767959072164,-0.01472489129670805,-111.04136456030024,-110.58139614282324,-1.4056664479322463,-7.891829620199237,-1.4025389574150346,-0.014808590837561041
4.040000000000002,0,0,0,0,0,0,0,1.9120986464393752e-05,-2.5085319405704354e-05,-0.0004643201112548567,-3.1935223399059964e-06,-0.0014226024180459262,18.849138275212077,0.00024436177064026467,0.08097086574986928,-110.19173372006296,-110.3844953809164,-1.3300804693342227,-7.784529302036376,-1.3268338902044206,0.08706537360914358
4.060000000000001,0,0,0,0,0,0,0,1.7848335749803823e-05,-2.8271294923776225e-05,-0.0004511834215881194,-2.277522693372447e-05,-0.0015698216025192835,18.849551106597428,0.00015867624808330895,-0.04152892330831419,-110.81686114059401,-110.56933818137982,-1.4352571339082456,-7.910991298036367,-1.4514021678709264,-0.03506021286406831
4.080000000000001,0,0,0,0,0,0,0,2.181136540091444e-05,-3.84177952899023e-05,-0.0004416521993810818,-1.4345645496405268e-05,-0.0016306743489513664,18.849555872033598,0.00011053475723674933,-0.036565733251215954,-110.10625945263914,-110.38038396968808,-1.328553621213471,-7.7957586473966005,-1.3261158120454986,0.07562118873374371
4.1000000000000005,0,0,0,0,0,0,0,4.62582038656123e-05,-4.8710289709319454e-05,-0.00043715760940798987,-2.046862983817732e-05,-0.001630330506254829,18.849291581605602,8.938678890117235e-05,-0.12667609092589927,-110.05727087654046,-110.42279420577985,-1.377152121321115,-7.849635651075636,-1.393296455500322,0.021105752574001088
4.12,0,0,0,0,0,0,0,7.329856602300566e-05,-5.642632994184993e-05,-0.00043844027930450835,-1.2877575806591324e-05,-0.0015712758282058203,18.84955287430632,9.493255302158974e-05,-0.19160517002491637,-110.84718464792651,-110.61088736243657,-1.4691743842192626,-7.952989875915768,-1.466228987366764,-0.07678361565617595
4.14,0,0,0,0,0,0,0,9.545739584027046e-05,-6.092873148588751e-05,-0.00045260948930003764,-4.4349697772005925e-06,-0.0013683234418016,18.849555885840637,0.00016867259951431208,-0.04066516345283613,-110.21632038743037,-110.42384363288251,-1.3454113814549455,-7.827158475171343,-1.3422897274190626,0.04383246270648486
4.159999999999999,0,0,0,0,0,0,0,0.00010582575916640025,-6.115326122291265e-05,-0.0004585481832997118,-2.512584380554017e-06,-0.0012938257815653387,18.849446542081505,0.00018847069955557315,-0.10965302532811766,-110.8599581701266,-110.59664209128859,-1.467886559813821,-7.9342903014061354,-1.4644199239736853,-0.059334678942240225
4.179999999999999,0,0,0,0,0,0,0,0.00010763855717321746,-6.332750235049645e-05,-0.000456546060880747,-2.1945206641227344e-05,-0.0013060366379331612,18.849554660639754,0.0001718997946124964,-0.03680837141230628,-110.86697035268215,-110.55110386989469,-1.385052104812171,-7.881246684107653,-1.400529235289903,-0.005729901368142963
4.199999999999998,0,0,0,0,0,0,0,0.00010375792365113767,-6.672884133251955e-05,-0.00045258250240554077,-1.437401709036834e-05,-0.0013351642644572337,18.849555905517782,0.0001479164295501506,0.06895592354495658,-110.0441801434589,-110.36593547716473,-1.3301346705871782,-7.782271928881782,-1.3268245468581679,0.08855254131730572
4.219999999999998,0,0,0,0,0,0,0,9.501099877429198e-05,-7.631927437490305e-05,-0.00043700325720763544,-1.1742227879807388e-05,-0.0014721497246306114,18.849513128546718,7.320819605263542e-05,0.02163066846995187,-109.98126493518318,-110.40710242986898,-1.3899146325365972,-7.837462571015761,-1.3871317077648808,0.0328230593524245
4.2399999999999975,0,0,0,0,0,0,0,8.695011532555696e-05,-8.692313072788949e-05,-0.0004293548448579543,-4.256612553099615e-06,-0.001505030484903358,18.849555428406543,4.413568433689937e-05,-0.07220075953750488,-110.83848840903575,-110.60919165245811,-1.4730038417967593,-7.950626525255958,-1.4699760325654352,-0.0744868869026303
4.259999999999997,0,0,0,0,0,0,0,8.194860274191029e-05,-9.194776695764517e-05,-0.00043799385939991,-2.270069661758356e-05,-0.0013704267928513758,18.849555934331697,8.90223243560926e-05,0.028972501162480974,-110.36880606518788,-110.4545793313587,-1.340378203668456,-7.839782629265751,-1.3563439707272913,0.033138499063713515
4.279999999999997,0,0,0,0,0,0,0,7.530961224500032e-05,-9.045247074457308e-05,-0.0004443524292652157,-1.4127232728533556e-05,-0.00130578603555076,18.84954203347185,0.00010496895751400194,-0.03637696907881822,-110.87195462330885,-110.58558954719838,-1.4529083618394334,-7.9197154252426385,-1.4496322083285793,-0.043800414548494114
4.299999999999996,0,0,0,0,0,0,0,6.716223060632132e-05,-9.3769222805129e-05,-0.0004381306374110494,-4.293004074895634e-06,-0.0013620938213483313,18.849555761492187,7.192227061919611e-05,0.08265435654830094,-110.06190014355357,-110.37194498215382,-1.3275726780547379,-7.787680817469106,-1.3245282528440958,0.0815082450156371
4.319999999999996,0,0,0,0,0,0,0,5.8414160919006974e-05,-9.968266932336434e-05,-0.00042612105271100376,-3.1622345195714274e-06,-0.0014737159679780731,18.84914339465981,2.1837316650267613e-05,0.026171824893618433,-110.02640786990402,-110.41565252756338,-1.3991805562554864,-7.841674957456043,-1.3959725098808082,0.026824713128064497
4.339999999999995,0,0,0,0,0,0,0,5.0877247008251913e-05,-0.00010352997714768719,-0.00042262823108707437,-2.1503933672839537e-05,-0.001516954564044326,18.849551165640285,2.0715069728120454e-05,-0.06244741051651668,-110.83747107128126,-110.59575095281957,-1.445814474880068,-7.940948454532355,-1.461070884006664,-0.07386975059107259
4.359999999999995,0,0,0,0,0,0,0,4.713394481559163e-05,-0.00010356606741090957,-0.0004339537188631226,-1.3716932646623547e-05,-0.0013981671377285565,18.84955586638767,0.0001040361264735418,0.055326991900862044,-110.21190944553989,-110.41177804084778,-1.3439758163324607,-7.819157539885077,-1.340832056658708,0.04361178346442438
4.379999999999995,0,0,0,0,0,0,0,4.2149643276978566e-05,-9.783905854732211e-05,-0.0004440550677662358,-1.2066754385919864e-05,-0.0013392695622478357,18.84938561723299,0.00015371199981223984,-0.04801482649648206,-110.89108839688348,-110.59286100905939,-1.466803495445177,-7.933038472666293,-1.4637406343168067,-0.06409352706420976
4.399999999999994,0,0,0,0,0,0,0,3.690548348966871e-05,-9.447684378294241e-05,-0.0004474189875418588,-4.281343768397505e-06,-0.001336300953854952,18.849553958287,0.00016926785362103328,0.06464152656793497,-110.17485792839913,-110.39953205354125,-1.3372493549033988,-7.806916010439169,-1.3342112612995607,0.05952058867688623
4.419999999999994,0,0,0,0,0,0,0,3.236065886547124e-05,-9.397221326867822e-05,-0.0004458330397332233,-2.3958334139706494e-05,-0.0013702910557054082,18.849555897411033,0.00015882285038494755,0.015195830430260439,-110.1448195989092,-110.43344107371995,-1.3782545008606137,-7.850030208218236,-1.3951019862898473,0.017496422531618844
4.439999999999993,0,0,0,0,0,0,0,2.8124365702986154e-05,-9.110952953328422e-05,-0.00044522803599278404,-1.9156120451668812e-05,-0.0014000478190032695,18.849492223588232,0.00014268311411580643,-0.07037676769120654,-110.92053828590085,-110.61288727228248,-1.450028149433896,-7.945758822371159,-1.465101150540783,-0.0714646333076312
4.459999999999993,0,0,0,0,0,0,0,2.686631659365446e-05,-8.67694287229881e-05,-0.0004560515731988346,-1.3487080614993374e-05,-0.0012949504711770032,18.849555187468006,0.00017972654025715616,0.055280829544615266,-110.26788237254048,-110.42005520257253,-1.3417637181161666,-7.816995343710954,-1.338672371960719,0.05384097112974832
4.479999999999992,0,0,0,0,0,0,0,2.3918031778258353e-05,-8.071420651223349e-05,-0.00045979621169678353,-4.653965582690489e-06,-0.0012861960028081043,18.849555909289613,0.00017208427970248654,0.01896821187529051,-110.19795733941395,-110.44506371877962,-1.398097158341058,-7.852427781082324,-1.3947845307776876,0.018175161118133384
4.499999999999992,0,0,0,0,0,0,0,2.1074474438442792e-05,-7.800658733359e-05,-0.00045835929319437696,-2.1465075425552982e-05,-0.001326895341606793,18.849534948595142,0.00013159358168777778,0.0020845643484159676,-110.25670486971535,-110.45966109537464,-1.3786658041938866,-7.864772783714321,-1.3943151465936103,0.008303892703755773
4.519999999999992,0,0,0,0,0,0,0,1.976049679708325e-05,-7.047301750429114e-05,-0.0004677447892911246,-1.3671896019751273e-05,-0.0012592540041982403,18.849555680478513,0.00014018964507996444,-0.009850557457930625,-110.33931093390082,-110.48510220316783,-1.4077340978398891,-7.879868554687204,-1.4045819984703123,-0.006538800979097045
4.539999999999991,0,0,0,0,0,0,0,1.9428298688062284e-05,-5.786904532101289e-05,-0.00048151028862886136,-1.0816495092491607e-05,-0.001168133626235246,18.848935953209306,0.00016065030099879935,-0.07325165477804173,-111.13487222158207,-110.64859722692066,-1.476475738715434,-7.958058164973955,-1.474626406952076,-0.07976273713719156
4.559999999999991,0,0,0,0,0,0,0,1.8916603717222813e-05,-4.183671758895002e-05,-0.0004952346704127919,-4.346157610690682e-06,-0.0010967496999345627,18.84954877434709,0.00017642356756515865,-0.004681647457778414,-111.13203548777346,-110.58616938151583,-1.4069296652253322,-7.888203809268017,-1.4037360547857922,-0.010076695294920977
4.57999999999999,0,0,0,0,0,0,0,1.77194454105134e-05,-2.9612987354710185e-05,-0.0004949265113269874,-2.410249535156339e-05,-0.0011767694056850075,18.849555838899484,0.00012979021926055921,0.08930340123920896,-110.25146451277107,-110.38067595170405,-1.305532415851722,-7.774448282637944,-1.322487012261109,0.09734148437387172
4.59999999999999,0,0,0,0,0,0,0,2.4863939115604694e-05,-2.94101634272792e-05,-0.0004749648175126353,3.7501256455740872e-06,-0.0014273140888843017,18.849425030822033,1.1855665845257488e-05,-0.0870580929282675,-110.14711979363574,-110.40890002659931,-1.3857682660934,-7.823553494036328,-1.3813077353240493,0.04693088038544295
4.6199999999999894,0,0,0,0,0,0,0,5.129829407835018e-05,-3.372194874184942e-05,-0.00046125726375212395,-1.701000085763127e-05,-0.0015652231781011494,18.849554413707526,5.5121536013237156e-05,-0.20316167865934992,-110.88061376023319,-110.59411019203974,-1.460339370284536,-7.931880376483142,-1.457447600478111,-0.08012739345944464
4.639999999999989,0,0,0,0,0,0,0,8.091301494683734e-05,-3.7665464914127256e-05,-0.00046588449117201947,-9.017609714945252e-06,-0.0014712740686615433,18.849555902650057,0.000215927261803199,-0.06869249834092545,-110.2122444282342,-110.41456755883519,-1.3400266629889188,-7.816265798612505,-1.3369017265709413,0.029204334681618642
4.659999999999989,0,0,0,0,0,0,0,0.00010041525912818372,-4.209684113742895e-05,-0.0004668502260560814,-1.1427120822915526e-05,-0.0014190370383424522,18.849500254723235,0.00033979501561683426,-0.07736946143892905,-110.2013574320234,-110.45032796973022,-1.3990567135366991,-7.860062005371131,-1.3963601443198534,-0.00945752710383859
4.679999999999988,0,0,0,0,0,0,0,0.00011077529812641984,-4.5641760342718385e-05,-0.0004691875033069337,-4.288815007136293e-06,-0.0013571435901127415,18.849555280318505,0.000429354507335378,-0.0755196951554301,-110.39409096825497,-110.5008643229041,-1.4134724209226264,-7.890651974997726,-1.4104351995181743,-0.0321308607869682
4.699999999999988,0,0,0,0,0,0,0,0.00011561419038752518,-4.355269509126458e-05,-0.0004811513061264705,-2.314636543498949e-05,-0.0012124208855164298,18.849555909779923,0.0005196067423188718,-0.03751470122976027,-110.31233393893582,-110.47290116007893,-1.3727249535225623,-7.8708052143895895,-1.389005722881047,-0.007577277310981837
4.719999999999987,0,0,0,0,0,0,0,0.00011475838411545425,-3.7397317275811304e-05,-0.0004920900987110954,7.126691441428079e-07,-0.0011074077114789915,18.849533856210243,0.0005669052654277397,-0.027027854315587626,-110.37390897027569,-110.48876248928362,-1.4074509019892314,-7.880665611232748,-1.404467596747774,-0.013381270996253926
4.739999999999987,0,0,0,0,0,0,0,0.00010995500700072824,-2.6879232009946463e-05,-0.0005017621239309378,-1.7985151463228988e-05,-0.0010461909771048994,18.849555667375693,0.0005785408890993873,-0.013826790451305488,-110.41892940051052,-110.49503669725621,-1.4064553146269159,-7.879553381077587,-1.4033766778715315,-0.009326036372227965
4.7599999999999865,0,0,0,0,0,0,0,0.00010275031965445436,-1.2762869451954373e-05,-0.0005108939211222463,-9.405198116319013e-06,-0.001015468519423024,18.84893143463826,0.000566545633619908,-0.06629944300801753,-111.1855259101708,-110.64964879095261,-1.4760874328462943,-7.952308915022736,-1.4728700419054823,-0.07518343193338863
4.779999999999986,0,0,0,0,0,0,0,9.389738965293049e-05,3.453045259504961e-06,-0.0005175159076316049,3.1093323471509393e-07,-0.0010302390320884314,18.84954872189863,0.0005289174622005134,0.006971592848495165,-111.1629093098142,-110.58275716050471,-1.4044134236923225,-7.880792737652296,-1.40120875076006,-0.0023360757419175074
4.799999999999986,0,0,0,0,0,0,0,8.237433493807345e-05,1.2795366066242764e-05,-0.000509332424491582,-1.9295699928534304e-05,-0.0011913646665338007,18.84955583859708,0.00042568915141584415,0.1079305390161617,-110.29174851172873,-110.37691596728159,-1.3247956646917531,-7.768348961202803,-1.3214879089698524,0.10466232053174361
4.819999999999985,0,0,0,0,0,0,0,6.847077294747095e-05,1.213483054129938e-05,-0.00048477347923103764,-1.612873693535022e-05,-0.0014955971452792483,18.849351765569462,0.0002605419395927587,0.052216876067918035,-110.13637156050648,-110.40411236914059,-1.3821219683996049,-7.818264696156895,-1.3793575207557338,0.053905617075770074
4.839999999999985,0,0,0,0,0,0,0,5.8295054615520314e-05,3.900089911468285e-06,-0.00046758542985614326,-8.520727727834299e-06,-0.0016599740888398884,18.849553568145033,0.00015758915354607917,0.0146292297309209,-110.1722089780812,-110.44040690457305,-1.3930536871606913,-7.853700424831808,-1.3900699474684712,0.018873369943835323
4.859999999999984,0,0,0,0,0,0,0,5.401369133384293e-05,-1.0172450961576374e-06,-0.0004735286854664622,1.3236262397242626e-07,-0.0015607096768466278,18.849555892877806,0.00017053297670388727,-0.07515506845713832,-110.99324533957511,-110.62840986663504,-1.4709766161952913,-7.95676747030569,-1.4678102202511216,-0.07879993368485293
4.879999999999984,0,0,0,0,0,0,0,5.234474243742682e-05,-1.534663513602652e-06,-0.0004894226595357765,-1.5514095062840738e-05,-0.001361644962428521,18.849489555955998,0.00022932425357455362,0.04925513700591123,-110.33268732432695,-110.43114509157871,-1.3418634956052615,-7.824501159308701,-1.3392098598418019,0.04867096666584905
4.8999999999999835,0,0,0,0,0,0,0,4.836737723135087e-05,7.237324997078076e-07,-0.0004967427909976507,-9.550248641687631e-06,-0.0012823857942301231,18.84955515666064,0.00023907932965434476,0.013916216822947993,-110.23658973022248,-110.44965455464366,-1.3971425970915112,-7.856055152846822,-1.3938101017158904,0.015829539727767586
4.919999999999983,0,0,0,0,0,0,0,4.378062241894298e-05,-2.99369376666192e-06,-0.0004950482696868264,1.2886331202111023e-07,-0.0012868685273224045,18.849555908618374,0.00021570991428912788,-7.00713907828801e-05,-110.2971299807637,-110.46806879198864,-1.4008235500769433,-7.870510046729782,-1.397752936439079,0.0013607058578171743
4.939999999999983,0,0,0,0,0,0,0,4.106199132092314e-05,-1.0979553071166492e-06,-0.0005029665588187626,7.704904865235562e-07,-0.0012008286471010265,18.849534116443515,0.00023391665823151996,-0.01032881461387344,-110.35784823442162,-110.48619047284777,-1.40658239475021,-7.880479837344974,-1.4036125285902337,-0.008353045338750767
4.959999999999982,0,0,0,0,0,0,0,3.911638100095871e-05,6.215925318464599e-06,-0.0005138439697818242,-1.8296154838282064e-05,-0.0011083098880115827,18.849555671050812,0.00025668086470280796,-0.07873062072482008,-111.18514440359863,-110.65771899350469,-1.4789800929090675,-7.962951884364214,-1.4758463867825122,-0.0853073923672354
4.979999999999982,0,0,0,0,0,0,0,3.6967650001606955e-05,1.4666453099998478e-05,-0.0005226756972449564,-9.3860992453898e-06,-0.0010501450565580939,18.848931816144482,0.0002662271410681976,0.04742927778969737,-110.62810316516796,-110.47190394371711,-1.3585207994413278,-7.829209326916418,-1.3553066090348007,0.04477473139561919
4.999999999999981,0,0,0,0,0,0,0,3.198432866913237e-05,2.3618943873593423e-05,-0.0005191809820850324,3.2788343684586607e-07,-0.0011503990710979295,18.849548726343457,0.0002082956712496432,-0.020853158545038473,-111.05126169231518,-110.58594102020234,-1.4454116931827095,-7.901162585889806,-1.442025712503323,-0.024423946356086454
5.019999999999981,0,0,0,0,0,0,0,2.624907806225707e-05,2.2782814251165462e-05,-0.0005035511375668378,-1.7726713358534596e-05,-0.0013413381650311251,18.84955583856201,0.00011245660533186716,0.09206201478204522,-110.19061126528592,-110.37100631932447,-1.3198551100128886,-7.7736980946454874,-1.316819105465651,0.0975599743035473
5.0399999999999805,0,0,0,0,0,0,0,2.2477210166016448e-05,1.4194381357413022e-05,-0.00048661000489946815,-1.6590210679900963e-05,-0.0015008480632472398,18.849345816520877,3.1289812858929335e-05,0.03080169034305775,-110.11046081739804,-110.41054094211633,-1.3883390633417412,-7.831642841750235,-1.3854973299252962,0.038641555934399295
5.05999999999998,0,0,0,0,0,0,0,2.0541798145146117e-05,2.518887471936182e-06,-0.000476128835210865,-8.48541774534084e-06,-0.0015579190788264086,18.84955349993562,2.1436345059853323e-05,-0.0032939917573337374,-110.18886726406156,-110.45111021813788,-1.39791865453212,-7.866478685673628,-1.3949494138561378,-0.0047263194005509775
5.07999999999998,0,0,0,0,0,0,0,2.0856133279956168e-05,-3.6703716110864093e-06,-0.00048575723891186584,1.2870940580000934e-07,-0.001396928590651214,18.8495558925234,0.0001282107134267166,-0.023910417542174527,-110.27974345555448,-110.48406644516183,-1.4078011119359382,-7.888088433670537,-1.4046132759188599,-0.02629328200435801
5.099999999999979,0,0,0,0,0,0,0,2.245218064622634e-05,-2.697034561904843e-06,-0.0005033045255098401,-1.5575448958138338e-05,-0.0011787907275468967,18.849489323525898,0.0002547627266317321,-0.09472359053735085,-111.13234103637366,-110.6629467155192,-1.4815093341836674,-7.974905545152252,-1.47884431163565,-0.10562148350797484
5.119999999999979,0,0,0,0,0,0,0,2.337832453669364e-05,3.9487174863239716e-06,-0.0005200543036805172,-9.137453402807694e-06,-0.0010046303056494565,18.849555154059278,0.00034905317386599625,-0.016635306474019902,-111.13417871476861,-110.59599753025734,-1.4099259736296388,-7.8991547860464335,-1.406740156836526,-0.027259714184403636
5.139999999999978,0,0,0,0,0,0,0,2.160337137002699e-05,7.477583572779167e-06,-0.0005189439454040823,1.316358382297267e-07,-0.001037765074410224,18.849555909171066,0.00034097028261241677,0.09266175066120345,-110.19639753698462,-110.37321638175233,-1.3240662814023114,-7.774038899337368,-1.3206606997086305,0.09348448187599516
5.159999999999978,0,0,0,0,0,0,0,1.8603031353592314e-05,1.7512377583628336e-06,-0.0004957899605271265,7.640829844390851e-07,-0.0012899597077344893,18.84953391414411,0.0002283560466654363,-0.03220570275957458,-110.83904792496097,-110.56621544893805,-1.457534768282512,-7.9062566034017125,-1.454541495196684,-0.03288600315766305
5.1799999999999775,0,0,0,0,0,0,0,1.729770076064341e-05,-1.0247362275173089e-05,-0.0004785346163176385,-1.72692660251883e-05,-0.0014320468634618777,18.849555668133984,0.00015716801929430263,0.07377346837334293,-110.07088743184254,-110.37021099009907,-1.324823151964173,-7.787326949793265,-1.3218674373443011,0.08233821328683424
5.199999999999977,0,0,0,0,0,0,0,2.2608867974227564e-05,-2.4794561028329554e-05,-0.00047011895601656306,-2.4661297661765502e-05,-0.0014426729225789359,18.84922479061992,0.00013935652223947967,-0.11937062898275855,-110.23801884173066,-110.4638471107254,-1.3935701524643584,-7.8707064827559945,-1.4111764905426163,0.00031838959237256645
5.219999999999977,0,0,0,0,0,0,0,4.934189577632253e-05,-3.784094722636411e-05,-0.0004675782321292843,-1.2812524928129676e-05,-0.0013890254866764096,18.849552104356192,0.00014784885802801836,-0.15361041436912873,-110.31896209894487,-110.48442333380744,-1.4028051639865828,-7.881765010493957,-1.399870343209018,-0.009834615870176052
5.239999999999976,0,0,0,0,0,0,0,7.988792998059324e-05,-4.5327405294059986e-05,-0.00048068580022331275,-4.488215097353532e-06,-0.0011783324891920799,18.849555877006306,0.00022361517690257292,-0.13499645798753507,-110.38988487263505,-110.49926542637128,-1.4068164652090767,-7.8896206438998195,-1.40364689832812,-0.01732936809786542
5.259999999999976,0,0,0,0,0,0,0,0.00010130953601006354,-4.799410123901282e-05,-0.0004935563350922934,-7.207346792270641e-06,-0.0010017380971349965,18.849425386733593,0.0002851811754980906,-0.09788326171676692,-110.43602147904791,-110.50299364587558,-1.4080370495696324,-7.887753125174199,-1.4048681170050143,-0.0154165982673154
5.279999999999975,0,0,0,0,0,0,0,0.00011226563259469913,-4.722986507665894e-05,-0.0005026234530030038,1.5168237688101271e-07,-0.0008942621127525641,18.84955441684072,0.0003187174776720157,-0.06168610310542595,-110.4586608332575,-110.4997578826591,-1.406075206429682,-7.881017369012842,-1.4028670568901749,-0.008884350501887366
5.299999999999975,0,0,0,0,0,0,0,0.00011460685817255012,-4.42448367579118e-05,-0.0005066639859840905,-1.8457938964822063e-05,-0.0008631712781665968,18.84955590239736,0.00032052505309889686,-0.03205287377863037,-110.47771147661344,-110.49650649851134,-1.4050929325199644,-7.874804029860019,-1.401934025702761,-0.0026796830045197565
5.3199999999999745,0,0,0,0,0,0,0,0.00011080510897265583,-3.977325462312109e-05,-0.0005064226292921248,-1.6067501467098566e-05,-0.0008942783438010693,18.84950234061974,0.0002964732937414218,-0.011207951824985143,-110.4871136817604,-110.49232566637704,-1.4031203407151835,-7.8688603069955025,-1.4003704874450824,0.0033327895253395163
5.339999999999974,0,0,0,0,0,0,0,0.00010334776784226563,-3.460381431263926e-05,-0.0005035463861258194,-9.159978659134538e-06,-0.0009626531527677784,18.849555304097354,0.0002568908480772787,0.0020374088566570826,-110.49217689647585,-110.48906015597001,-1.4017160110455498,-7.8647531507731525,-1.3985243399854896,0.007566004251125113
5.359999999999974,0,0,0,0,0,0,0,9.433030018257682e-05,-2.911034074593033e-05,-0.000499686153857759,5.4252735637305705e-08,-0.0010451648429770088,18.849555909432983,0.0002116097855841674,0.006943264648691521,-110.50372989563587,-110.4894374336996,-1.4015089423791645,-7.863769460013946,-1.3982953825354019,0.00875435651644464
5.379999999999973,0,0,0,0,0,0,0,8.49442947838952e-05,-2.365947805227364e-05,-0.0004960862881411288,7.544396520842156e-07,-0.0011244615968104554,18.849534042979954,0.00016806155917309927,0.010236371754874934,-110.50994143573097,-110.48921028836912,-1.4002660805152651,-7.862970685086351,-1.3972972238373889,0.00970459409527713
5.399999999999973,0,0,0,0,0,0,0,7.588054100970965e-05,-1.847347043426595e-05,-0.0004933756263012512,-1.8366600317065718e-05,-0.00119134054165837,18.84955566971206,0.00013028066734405258,0.012371692240245228,-110.51458188245972,-110.48971715779128,-1.3999361350574893,-7.863252417251828,-1.3967899083369835,0.009524422895783608
5.419999999999972,0,0,0,0,0,0,0,6.741350034822347e-05,-1.3691458818243518e-05,-0.0004918055755744888,-9.405090761305246e-06,-0.0012417241405531243,18.848934623582757,0.0001000781437425227,0.01971110545128442,-110.4576541458642,-110.47691876371724,-1.3969374514311503,-7.85724408429467,-1.3937268970024377,0.015133457469261473
5.439999999999972,0,0,0,0,0,0,0,5.979782925891186e-05,-9.256740582941347e-06,-0.0004914553306409886,2.7354154941150455e-07,-0.0012749564020930748,18.84954875864838,7.800316918848819e-05,0.025633379804597622,-110.31597151625517,-110.45041082113151,-1.3849431826986502,-7.847540855750756,-1.3817583765120003,0.02372470478194385
5.4599999999999715,0,0,0,0,0,0,0,5.330606640008284e-05,-4.474678373611596e-06,-0.0004932643520749735,-1.830722489515324e-05,-0.0012834555806513492,18.849555838894922,6.725090774737092e-05,0.006318541083993475,-110.33102625567169,-110.47047765843004,-1.4006610244075115,-7.866004706995154,-1.3975259011919798,0.005343836644010796
5.479999999999971,0,0,0,0,0,0,0,4.8536746067640024e-05,2.3089261018682805e-06,-0.0004996408121495932,-1.594079961364514e-05,-0.001246729459621676,18.849354600970774,7.674606564931914e-05,-0.06689763943879332,-111.10571774982976,-110.6369618021997,-1.471067176692311,-7.950728123627769,-1.4683377348449074,-0.07416830551019526
5.499999999999971,0,0,0,0,0,0,0,4.5056612167471144e-05,9.772003092045622e-06,-0.0005089639704536353,-9.025588099120796e-06,-0.0011789999888049962,18.84955360116506,0.00010050603241729276,0.06220938513593944,-110.40908908804016,-110.42876888165337,-1.3390242339275582,-7.8114299397013935,-1.3358703880815044,0.060413329932838516
5.51999999999997,0,0,0,0,0,0,0,3.955953191780992e-05,1.5821194662812843e-05,-0.0005110155710728037,1.2720884523531595e-07,-0.0011965588412570227,18.849555893788974,8.634557348265537e-05,0.028779609800892652,-110.29033686463656,-110.4443638919869,-1.391107232484559,-7.844386477057125,-1.3877250380778248,0.02657353604125545
5.53999999999997,0,0,0,0,0,0,0,3.405296674952041e-05,1.61507619402812e-05,-0.0005068591369852271,-1.4897113913114879e-05,-0.001256243719819139,18.84949214453702,5.4529822264418297e-05,0.010011484931719258,-110.33281266890866,-110.46454972660588,-1.396166890011068,-7.863618353851657,-1.3936171854484238,0.007444968572292116
5.559999999999969,0,0,0,0,0,0,0,3.129389199418853e-05,1.9326438323474804e-05,-0.0005148846284672715,-9.031582814955641e-06,-0.00117982161415231,18.849555186538044,8.491179579819005e-05,-0.006672465496275678,-110.38794128652752,-110.48677350961867,-1.4042642758225272,-7.878900707112945,-1.4011128711635885,-0.008051389132579634
5.579999999999969,0,0,0,0,0,0,0,3.0047877751293584e-05,2.545493609851235e-05,-0.0005278379670894395,1.306036017112433e-07,-0.0010597829194072261,18.849555909152926,0.0001363853340822447,-0.011282171018408711,-110.44837557297654,-110.49766219025248,-1.4057761397283932,-7.882969923738695,-1.402573777894336,-0.012271056612781942
5.599999999999969,0,0,0,0,0,0,0,2.90029485450205e-05,3.5652369361649505e-05,-0.0005410691001781487,7.767819640847051e-07,-0.0009607461923772931,18.849534002191337,0.00018047716169243734,-0.07340047966297204,-111.21396170032293,-110.65366976184693,-1.4729886333480322,-7.957356559753828,-1.4700096911599416,-0.08175018279301148
5.619999999999968,0,0,0,0,0,0,0,2.7404860260205055e-05,4.757784741205029e-05,-0.000551165624221639,-1.8353916951596716e-05,-0.0009112109224949094,18.84955566971268,0.00020319747947182895,-0.00044525617199588373,-111.18102263627686,-110.58590861791969,-1.4047356855667816,-7.885467325555687,-1.4015915125075766,-0.009682757285044419
5.639999999999968,0,0,0,0,0,0,0,2.3492092902976935e-05,5.292665834044641e-05,-0.0005454458301530352,-9.828626875929558e-06,-0.0010226211879826863,18.848902283818443,0.00015437365125610397,0.10294206878124637,-110.25241704392926,-110.37070461587376,-1.325352089508817,-7.768082933170984,-1.3219754413828058,0.1017888393408543
5.659999999999967,0,0,0,0,0,0,0,1.9032042707145536e-05,4.6375746690863195e-05,-0.0005192906313666867,3.4769753387564606e-07,-0.0013108481463453003,18.8495483860659,2.8582558325969278e-05,0.04007599307631221,-110.11607001109009,-110.40255428868913,-1.3842337365791557,-7.821345894706493,-1.381023852834986,0.04773633037672309
5.679999999999967,0,0,0,0,0,0,0,1.7656874266691602e-05,3.521181597410106e-05,-0.0005034529697098833,-1.730817150402686e-05,-0.00143634643318169,18.84955583529661,3.939884813350593e-05,-0.06343571951790325,-110.9017745628947,-110.59799395801367,-1.462974573224848,-7.9362138848618935,-1.4600110617091233,-0.07981753165423194
5.699999999999966,0,0,0,0,0,0,0,1.8077508369351847e-05,2.574090117857253e-05,-0.0005065394009413637,-1.5883970980290485e-05,-0.001333719592216731,18.849354707218126,0.00017694449956390707,0.054220426005633156,-110.20694101033006,-110.40261594956951,-1.3349767296550212,-7.811768355508945,-1.3322598747718242,0.039250896022292654
5.719999999999966,0,0,0,0,0,0,0,1.7770878119272027e-05,1.8858097702967314e-05,-0.0005078663675393003,-9.469553259755514e-06,-0.0012752845284458303,18.849553601925408,0.00027838591672268883,-0.06016988829909993,-110.87509427176512,-110.59378633161583,-1.4675352722719883,-7.935577086314253,-1.4642472689890806,-0.07570943804831491
